Source Plate Name,Source Plate Type,Source Well,Destination Plate Name,Destination Well,Transfer Volume,Name
1,384PP_Plus_AQ_GP,K8,1,G4,1400.0,TX-TL master mix
1,384PP_Plus_AQ_SP,B3,1,G4,0,sfGFP
1,384PP_Plus_AQ_GP,C3,1,G4,0,mCherry
1,384PP_Plus_AQ_GP,E4,1,G4,599.995,MilliQ
1,384PP_Plus_AQ_GP,K8,1,G5,1400.0,TX-TL master mix
1,384PP_Plus_AQ_SP,B3,1,G5,30.0,sfGFP
1,384PP_Plus_AQ_GP,C3,1,G5,0,mCherry
1,384PP_Plus_AQ_GP,E4,1,G5,569.995,MilliQ
1,384PP_Plus_AQ_GP,K8,1,G6,1400.0,TX-TL master mix
1,384PP_Plus_AQ_SP,B3,1,G6,60.0,sfGFP
1,384PP_Plus_AQ_GP,C3,1,G6,0,mCherry
1,384PP_Plus_AQ_GP,E4,1,G6,539.995,MilliQ
1,384PP_Plus_AQ_GP,K8,1,G7,1400.0,TX-TL master mix
1,384PP_Plus_AQ_SP,B3,1,G7,90.0,sfGFP
1,384PP_Plus_AQ_GP,C3,1,G7,0,mCherry
1,384PP_Plus_AQ_GP,E4,1,G7,509.995,MilliQ
1,384PP_Plus_AQ_GP,K8,1,G8,1400.0,TX-TL master mix
1,384PP_Plus_AQ_SP,B3,1,G8,120.0,sfGFP
1,384PP_Plus_AQ_GP,C3,1,G8,0,mCherry
1,384PP_Plus_AQ_GP,E4,1,G8,479.995,MilliQ
1,384PP_Plus_AQ_GP,K8,1,G9,1400.0,TX-TL master mix
1,384PP_Plus_AQ_SP,B3,1,G9,150.0,sfGFP
1,384PP_Plus_AQ_GP,C3,1,G9,0,mCherry
1,384PP_Plus_AQ_GP,E4,1,G9,449.9950000000002,MilliQ
1,384PP_Plus_AQ_GP,K8,1,G10,1400.0,TX-TL master mix
1,384PP_Plus_AQ_SP,B3,1,G10,180.0,sfGFP
1,384PP_Plus_AQ_GP,C3,1,G10,0,mCherry
1,384PP_Plus_AQ_GP,E4,1,G10,419.9950000000002,MilliQ
1,384PP_Plus_AQ_GP,K8,1,G11,1400.0,TX-TL master mix
1,384PP_Plus_AQ_SP,B3,1,G11,210.0,sfGFP
1,384PP_Plus_AQ_GP,C3,1,G11,0,mCherry
1,384PP_Plus_AQ_GP,E4,1,G11,389.9950000000002,MilliQ
1,384PP_Plus_AQ_GP,K8,1,G12,1400.0,TX-TL master mix
1,384PP_Plus_AQ_SP,B3,1,G12,240.0,sfGFP
1,384PP_Plus_AQ_GP,C3,1,G12,0,mCherry
1,384PP_Plus_AQ_GP,E4,1,G12,359.9950000000001,MilliQ
1,384PP_Plus_AQ_GP,K8,1,G13,1400.0,TX-TL master mix
1,384PP_Plus_AQ_SP,B3,1,G13,270.0,sfGFP
1,384PP_Plus_AQ_GP,C3,1,G13,0,mCherry
1,384PP_Plus_AQ_GP,E4,1,G13,329.9950000000001,MilliQ
1,384PP_Plus_AQ_GP,K8,1,G17,1400.0,TX-TL master mix
1,384PP_Plus_AQ_SP,B3,1,G17,0,sfGFP
1,384PP_Plus_AQ_GP,C3,1,G17,0,mCherry
1,384PP_Plus_AQ_GP,E4,1,G17,599.995,MilliQ
1,384PP_Plus_AQ_GP,K8,1,G18,1400.0,TX-TL master mix
1,384PP_Plus_AQ_SP,B3,1,G18,0,sfGFP
1,384PP_Plus_AQ_GP,C3,1,G18,0,mCherry
1,384PP_Plus_AQ_GP,E4,1,G18,599.995,MilliQ
1,384PP_Plus_AQ_GP,K8,1,G19,1400.0,TX-TL master mix
1,384PP_Plus_AQ_SP,B3,1,G19,0,sfGFP
1,384PP_Plus_AQ_GP,C3,1,G19,0,mCherry
1,384PP_Plus_AQ_GP,E4,1,G19,599.995,MilliQ
1,384PP_Plus_AQ_GP,K8,1,G20,1400.0,TX-TL master mix
1,384PP_Plus_AQ_SP,B3,1,G20,0,sfGFP
1,384PP_Plus_AQ_GP,C3,1,G20,0,mCherry
1,384PP_Plus_AQ_GP,E4,1,G20,599.995,MilliQ
1,384PP_Plus_AQ_GP,K8,1,G21,1400.0,TX-TL master mix
1,384PP_Plus_AQ_SP,B3,1,G21,0,sfGFP
1,384PP_Plus_AQ_GP,C3,1,G21,0,mCherry
1,384PP_Plus_AQ_GP,E4,1,G21,599.995,MilliQ
1,384PP_Plus_AQ_GP,K8,1,G22,1400.0,TX-TL master mix
1,384PP_Plus_AQ_SP,B3,1,G22,0,sfGFP
1,384PP_Plus_AQ_GP,C3,1,G22,0,mCherry
1,384PP_Plus_AQ_GP,E4,1,G22,599.995,MilliQ
1,384PP_Plus_AQ_GP,K8,1,G23,1400.0,TX-TL master mix
1,384PP_Plus_AQ_SP,B3,1,G23,0,sfGFP
1,384PP_Plus_AQ_GP,C3,1,G23,0,mCherry
1,384PP_Plus_AQ_GP,E4,1,G23,599.995,MilliQ
1,384PP_Plus_AQ_GP,K8,1,G24,1400.0,TX-TL master mix
1,384PP_Plus_AQ_SP,B3,1,G24,0,sfGFP
1,384PP_Plus_AQ_GP,C3,1,G24,0,mCherry
1,384PP_Plus_AQ_GP,E4,1,G24,599.995,MilliQ
1,384PP_Plus_AQ_GP,K8,1,G25,1400.0,TX-TL master mix
1,384PP_Plus_AQ_SP,B3,1,G25,0,sfGFP
1,384PP_Plus_AQ_GP,C3,1,G25,0,mCherry
1,384PP_Plus_AQ_GP,E4,1,G25,599.995,MilliQ
1,384PP_Plus_AQ_GP,K8,1,G26,1400.0,TX-TL master mix
1,384PP_Plus_AQ_SP,B3,1,G26,0,sfGFP
1,384PP_Plus_AQ_GP,C3,1,G26,0,mCherry
1,384PP_Plus_AQ_GP,E4,1,G26,599.995,MilliQ
1,384PP_Plus_AQ_GP,K8,1,G30,1400.0,TX-TL master mix
1,384PP_Plus_AQ_SP,B3,1,G30,0,sfGFP
1,384PP_Plus_AQ_GP,C3,1,G30,0,mCherry
1,384PP_Plus_AQ_GP,E4,1,G30,599.995,MilliQ
1,384PP_Plus_AQ_GP,K8,1,G31,1400.0,TX-TL master mix
1,384PP_Plus_AQ_SP,B3,1,G31,30.0,sfGFP
1,384PP_Plus_AQ_GP,C3,1,G31,0,mCherry
1,384PP_Plus_AQ_GP,E4,1,G31,569.995,MilliQ
1,384PP_Plus_AQ_GP,K8,1,G32,1400.0,TX-TL master mix
1,384PP_Plus_AQ_SP,B3,1,G32,60.0,sfGFP
1,384PP_Plus_AQ_GP,C3,1,G32,0,mCherry
1,384PP_Plus_AQ_GP,E4,1,G32,539.995,MilliQ
1,384PP_Plus_AQ_GP,K8,1,G33,1400.0,TX-TL master mix
1,384PP_Plus_AQ_SP,B3,1,G33,90.0,sfGFP
1,384PP_Plus_AQ_GP,C3,1,G33,0,mCherry
1,384PP_Plus_AQ_GP,E4,1,G33,509.995,MilliQ
1,384PP_Plus_AQ_GP,K8,1,G34,1400.0,TX-TL master mix
1,384PP_Plus_AQ_SP,B3,1,G34,120.0,sfGFP
1,384PP_Plus_AQ_GP,C3,1,G34,0,mCherry
1,384PP_Plus_AQ_GP,E4,1,G34,479.995,MilliQ
1,384PP_Plus_AQ_GP,K8,1,G35,1400.0,TX-TL master mix
1,384PP_Plus_AQ_SP,B3,1,G35,150.0,sfGFP
1,384PP_Plus_AQ_GP,C3,1,G35,0,mCherry
1,384PP_Plus_AQ_GP,E4,1,G35,449.9950000000002,MilliQ
1,384PP_Plus_AQ_GP,K8,1,G36,1400.0,TX-TL master mix
1,384PP_Plus_AQ_SP,B3,1,G36,180.0,sfGFP
1,384PP_Plus_AQ_GP,C3,1,G36,0,mCherry
1,384PP_Plus_AQ_GP,E4,1,G36,419.9950000000002,MilliQ
1,384PP_Plus_AQ_GP,K8,1,G37,1400.0,TX-TL master mix
1,384PP_Plus_AQ_SP,B3,1,G37,210.0,sfGFP
1,384PP_Plus_AQ_GP,C3,1,G37,0,mCherry
1,384PP_Plus_AQ_GP,E4,1,G37,389.9950000000002,MilliQ
1,384PP_Plus_AQ_GP,K8,1,G38,1400.0,TX-TL master mix
1,384PP_Plus_AQ_SP,B3,1,G38,240.0,sfGFP
1,384PP_Plus_AQ_GP,C3,1,G38,0,mCherry
1,384PP_Plus_AQ_GP,E4,1,G38,359.9950000000001,MilliQ
1,384PP_Plus_AQ_GP,K8,1,G39,1400.0,TX-TL master mix
1,384PP_Plus_AQ_SP,B3,1,G39,270.0,sfGFP
1,384PP_Plus_AQ_GP,C3,1,G39,0,mCherry
1,384PP_Plus_AQ_GP,E4,1,G39,329.9950000000001,MilliQ
1,384PP_Plus_AQ_GP,K8,1,H4,1400.0,TX-TL master mix
1,384PP_Plus_AQ_SP,B3,1,H4,0,sfGFP
1,384PP_Plus_AQ_GP,C3,1,H4,0,mCherry
1,384PP_Plus_AQ_GP,E4,1,H4,599.995,MilliQ
1,384PP_Plus_AQ_GP,K8,1,H5,1400.0,TX-TL master mix
1,384PP_Plus_AQ_SP,B3,1,H5,30.0,sfGFP
1,384PP_Plus_AQ_GP,C3,1,H5,0,mCherry
1,384PP_Plus_AQ_GP,E4,1,H5,569.995,MilliQ
1,384PP_Plus_AQ_GP,L8,1,H6,1400.0,TX-TL master mix
1,384PP_Plus_AQ_SP,B3,1,H6,60.0,sfGFP
1,384PP_Plus_AQ_GP,C3,1,H6,0,mCherry
1,384PP_Plus_AQ_GP,E4,1,H6,539.995,MilliQ
1,384PP_Plus_AQ_GP,L8,1,H7,1400.0,TX-TL master mix
1,384PP_Plus_AQ_SP,B3,1,H7,90.0,sfGFP
1,384PP_Plus_AQ_GP,C3,1,H7,0,mCherry
1,384PP_Plus_AQ_GP,E4,1,H7,509.995,MilliQ
1,384PP_Plus_AQ_GP,L8,1,H8,1400.0,TX-TL master mix
1,384PP_Plus_AQ_SP,B3,1,H8,120.0,sfGFP
1,384PP_Plus_AQ_GP,C3,1,H8,0,mCherry
1,384PP_Plus_AQ_GP,E4,1,H8,479.995,MilliQ
1,384PP_Plus_AQ_GP,L8,1,H9,1400.0,TX-TL master mix
1,384PP_Plus_AQ_SP,B3,1,H9,150.0,sfGFP
1,384PP_Plus_AQ_GP,C3,1,H9,0,mCherry
1,384PP_Plus_AQ_GP,E4,1,H9,449.9950000000002,MilliQ
1,384PP_Plus_AQ_GP,L8,1,H10,1400.0,TX-TL master mix
1,384PP_Plus_AQ_SP,B3,1,H10,180.0,sfGFP
1,384PP_Plus_AQ_GP,C3,1,H10,0,mCherry
1,384PP_Plus_AQ_GP,E4,1,H10,419.9950000000002,MilliQ
1,384PP_Plus_AQ_GP,L8,1,H11,1400.0,TX-TL master mix
1,384PP_Plus_AQ_SP,B3,1,H11,210.0,sfGFP
1,384PP_Plus_AQ_GP,C3,1,H11,0,mCherry
1,384PP_Plus_AQ_GP,E4,1,H11,389.9950000000002,MilliQ
1,384PP_Plus_AQ_GP,L8,1,H12,1400.0,TX-TL master mix
1,384PP_Plus_AQ_SP,B3,1,H12,240.0,sfGFP
1,384PP_Plus_AQ_GP,C3,1,H12,0,mCherry
1,384PP_Plus_AQ_GP,E4,1,H12,359.9950000000001,MilliQ
1,384PP_Plus_AQ_GP,L8,1,H13,1400.0,TX-TL master mix
1,384PP_Plus_AQ_SP,B3,1,H13,270.0,sfGFP
1,384PP_Plus_AQ_GP,C3,1,H13,0,mCherry
1,384PP_Plus_AQ_GP,E4,1,H13,329.9950000000001,MilliQ
1,384PP_Plus_AQ_GP,L8,1,H17,1400.0,TX-TL master mix
1,384PP_Plus_AQ_SP,B3,1,H17,0,sfGFP
1,384PP_Plus_AQ_GP,C3,1,H17,30.0,mCherry
1,384PP_Plus_AQ_GP,E4,1,H17,569.995,MilliQ
1,384PP_Plus_AQ_GP,L8,1,H18,1400.0,TX-TL master mix
1,384PP_Plus_AQ_SP,B3,1,H18,0,sfGFP
1,384PP_Plus_AQ_GP,C3,1,H18,30.0,mCherry
1,384PP_Plus_AQ_GP,E4,1,H18,569.995,MilliQ
1,384PP_Plus_AQ_GP,L8,1,H19,1400.0,TX-TL master mix
1,384PP_Plus_AQ_SP,B3,1,H19,0,sfGFP
1,384PP_Plus_AQ_GP,C3,1,H19,30.0,mCherry
1,384PP_Plus_AQ_GP,E4,1,H19,569.995,MilliQ
1,384PP_Plus_AQ_GP,L8,1,H20,1400.0,TX-TL master mix
1,384PP_Plus_AQ_SP,B3,1,H20,0,sfGFP
1,384PP_Plus_AQ_GP,C3,1,H20,30.0,mCherry
1,384PP_Plus_AQ_GP,E4,1,H20,569.995,MilliQ
1,384PP_Plus_AQ_GP,L8,1,H21,1400.0,TX-TL master mix
1,384PP_Plus_AQ_SP,B3,1,H21,0,sfGFP
1,384PP_Plus_AQ_GP,C3,1,H21,30.0,mCherry
1,384PP_Plus_AQ_GP,E4,1,H21,569.995,MilliQ
1,384PP_Plus_AQ_GP,L8,1,H22,1400.0,TX-TL master mix
1,384PP_Plus_AQ_SP,B3,1,H22,0,sfGFP
1,384PP_Plus_AQ_GP,C3,1,H22,30.0,mCherry
1,384PP_Plus_AQ_GP,E4,1,H22,569.995,MilliQ
1,384PP_Plus_AQ_GP,L8,1,H23,1400.0,TX-TL master mix
1,384PP_Plus_AQ_SP,B3,1,H23,0,sfGFP
1,384PP_Plus_AQ_GP,C3,1,H23,30.0,mCherry
1,384PP_Plus_AQ_GP,E4,1,H23,569.995,MilliQ
1,384PP_Plus_AQ_GP,L8,1,H24,1400.0,TX-TL master mix
1,384PP_Plus_AQ_SP,B3,1,H24,0,sfGFP
1,384PP_Plus_AQ_GP,C3,1,H24,30.0,mCherry
1,384PP_Plus_AQ_GP,E4,1,H24,569.995,MilliQ
1,384PP_Plus_AQ_GP,L8,1,H25,1400.0,TX-TL master mix
1,384PP_Plus_AQ_SP,B3,1,H25,0,sfGFP
1,384PP_Plus_AQ_GP,C3,1,H25,30.0,mCherry
1,384PP_Plus_AQ_GP,E4,1,H25,569.995,MilliQ
1,384PP_Plus_AQ_GP,L8,1,H26,1400.0,TX-TL master mix
1,384PP_Plus_AQ_SP,B3,1,H26,0,sfGFP
1,384PP_Plus_AQ_GP,C3,1,H26,30.0,mCherry
1,384PP_Plus_AQ_GP,E4,1,H26,569.995,MilliQ
1,384PP_Plus_AQ_GP,L8,1,H30,1400.0,TX-TL master mix
1,384PP_Plus_AQ_SP,B3,1,H30,0,sfGFP
1,384PP_Plus_AQ_GP,C3,1,H30,30.0,mCherry
1,384PP_Plus_AQ_GP,E4,1,H30,569.995,MilliQ
1,384PP_Plus_AQ_GP,L8,1,H31,1400.0,TX-TL master mix
1,384PP_Plus_AQ_SP,B3,1,H31,30.0,sfGFP
1,384PP_Plus_AQ_GP,C3,1,H31,30.0,mCherry
1,384PP_Plus_AQ_GP,E4,1,H31,539.995,MilliQ
1,384PP_Plus_AQ_GP,L8,1,H32,1400.0,TX-TL master mix
1,384PP_Plus_AQ_SP,B3,1,H32,60.0,sfGFP
1,384PP_Plus_AQ_GP,C3,1,H32,30.0,mCherry
1,384PP_Plus_AQ_GP,E4,1,H32,509.995,MilliQ
1,384PP_Plus_AQ_GP,L8,1,H33,1400.0,TX-TL master mix
1,384PP_Plus_AQ_SP,B3,1,H33,90.0,sfGFP
1,384PP_Plus_AQ_GP,C3,1,H33,30.0,mCherry
1,384PP_Plus_AQ_GP,E4,1,H33,479.995,MilliQ
1,384PP_Plus_AQ_GP,L8,1,H34,1400.0,TX-TL master mix
1,384PP_Plus_AQ_SP,B3,1,H34,120.0,sfGFP
1,384PP_Plus_AQ_GP,C3,1,H34,30.0,mCherry
1,384PP_Plus_AQ_GP,E4,1,H34,449.9950000000002,MilliQ
1,384PP_Plus_AQ_GP,L8,1,H35,1400.0,TX-TL master mix
1,384PP_Plus_AQ_SP,B3,1,H35,150.0,sfGFP
1,384PP_Plus_AQ_GP,C3,1,H35,30.0,mCherry
1,384PP_Plus_AQ_GP,E4,1,H35,419.9950000000002,MilliQ
1,384PP_Plus_AQ_GP,L8,1,H36,1400.0,TX-TL master mix
1,384PP_Plus_AQ_SP,B3,1,H36,180.0,sfGFP
1,384PP_Plus_AQ_GP,C3,1,H36,30.0,mCherry
1,384PP_Plus_AQ_GP,E4,1,H36,389.9950000000002,MilliQ
1,384PP_Plus_AQ_GP,L8,1,H37,1400.0,TX-TL master mix
1,384PP_Plus_AQ_SP,B3,1,H37,210.0,sfGFP
1,384PP_Plus_AQ_GP,C3,1,H37,30.0,mCherry
1,384PP_Plus_AQ_GP,E4,1,H37,359.9950000000001,MilliQ
1,384PP_Plus_AQ_GP,L8,1,H38,1400.0,TX-TL master mix
1,384PP_Plus_AQ_SP,B3,1,H38,240.0,sfGFP
1,384PP_Plus_AQ_GP,C3,1,H38,30.0,mCherry
1,384PP_Plus_AQ_GP,E4,1,H38,329.9950000000001,MilliQ
1,384PP_Plus_AQ_GP,L8,1,H39,1400.0,TX-TL master mix
1,384PP_Plus_AQ_SP,B3,1,H39,270.0,sfGFP
1,384PP_Plus_AQ_GP,C3,1,H39,30.0,mCherry
1,384PP_Plus_AQ_GP,E4,1,H39,299.99500000000006,MilliQ
1,384PP_Plus_AQ_GP,L8,1,I4,1400.0,TX-TL master mix
1,384PP_Plus_AQ_SP,B3,1,I4,0,sfGFP
1,384PP_Plus_AQ_GP,C3,1,I4,0,mCherry
1,384PP_Plus_AQ_GP,E4,1,I4,599.995,MilliQ
1,384PP_Plus_AQ_GP,L8,1,I5,1400.0,TX-TL master mix
1,384PP_Plus_AQ_SP,B3,1,I5,30.0,sfGFP
1,384PP_Plus_AQ_GP,C3,1,I5,0,mCherry
1,384PP_Plus_AQ_GP,E4,1,I5,569.995,MilliQ
1,384PP_Plus_AQ_GP,L8,1,I6,1400.0,TX-TL master mix
1,384PP_Plus_AQ_SP,B3,1,I6,60.0,sfGFP
1,384PP_Plus_AQ_GP,C3,1,I6,0,mCherry
1,384PP_Plus_AQ_GP,E4,1,I6,539.995,MilliQ
1,384PP_Plus_AQ_GP,L8,1,I7,1400.0,TX-TL master mix
1,384PP_Plus_AQ_SP,B3,1,I7,90.0,sfGFP
1,384PP_Plus_AQ_GP,C3,1,I7,0,mCherry
1,384PP_Plus_AQ_GP,E4,1,I7,509.995,MilliQ
1,384PP_Plus_AQ_GP,,1,I8,1400.0,TX-TL master mix
1,384PP_Plus_AQ_SP,B3,1,I8,120.0,sfGFP
1,384PP_Plus_AQ_GP,C3,1,I8,0,mCherry
1,384PP_Plus_AQ_GP,E4,1,I8,479.995,MilliQ
1,384PP_Plus_AQ_GP,,1,I9,1400.0,TX-TL master mix
1,384PP_Plus_AQ_SP,B3,1,I9,150.0,sfGFP
1,384PP_Plus_AQ_GP,C3,1,I9,0,mCherry
1,384PP_Plus_AQ_GP,E4,1,I9,449.9950000000002,MilliQ
1,384PP_Plus_AQ_GP,,1,I10,1400.0,TX-TL master mix
1,384PP_Plus_AQ_SP,B3,1,I10,180.0,sfGFP
1,384PP_Plus_AQ_GP,C3,1,I10,0,mCherry
1,384PP_Plus_AQ_GP,E4,1,I10,419.9950000000002,MilliQ
1,384PP_Plus_AQ_GP,,1,I11,1400.0,TX-TL master mix
1,384PP_Plus_AQ_SP,B3,1,I11,210.0,sfGFP
1,384PP_Plus_AQ_GP,C3,1,I11,0,mCherry
1,384PP_Plus_AQ_GP,E4,1,I11,389.9950000000002,MilliQ
1,384PP_Plus_AQ_GP,,1,I12,1400.0,TX-TL master mix
1,384PP_Plus_AQ_SP,B3,1,I12,240.0,sfGFP
1,384PP_Plus_AQ_GP,C3,1,I12,0,mCherry
1,384PP_Plus_AQ_GP,E4,1,I12,359.9950000000001,MilliQ
1,384PP_Plus_AQ_GP,,1,I13,1400.0,TX-TL master mix
1,384PP_Plus_AQ_SP,B3,1,I13,270.0,sfGFP
1,384PP_Plus_AQ_GP,C3,1,I13,0,mCherry
1,384PP_Plus_AQ_GP,E4,1,I13,329.9950000000001,MilliQ
1,384PP_Plus_AQ_GP,,1,I17,1400.0,TX-TL master mix
1,384PP_Plus_AQ_SP,B3,1,I17,0,sfGFP
1,384PP_Plus_AQ_GP,C3,1,I17,60.0,mCherry
1,384PP_Plus_AQ_GP,E4,1,I17,539.995,MilliQ
1,384PP_Plus_AQ_GP,,1,I18,1400.0,TX-TL master mix
1,384PP_Plus_AQ_SP,B3,1,I18,0,sfGFP
1,384PP_Plus_AQ_GP,C3,1,I18,60.0,mCherry
1,384PP_Plus_AQ_GP,E4,1,I18,539.995,MilliQ
1,384PP_Plus_AQ_GP,,1,I19,1400.0,TX-TL master mix
1,384PP_Plus_AQ_SP,B3,1,I19,0,sfGFP
1,384PP_Plus_AQ_GP,C3,1,I19,60.0,mCherry
1,384PP_Plus_AQ_GP,E4,1,I19,539.995,MilliQ
1,384PP_Plus_AQ_GP,,1,I20,1400.0,TX-TL master mix
1,384PP_Plus_AQ_SP,B3,1,I20,0,sfGFP
1,384PP_Plus_AQ_GP,C3,1,I20,60.0,mCherry
1,384PP_Plus_AQ_GP,E4,1,I20,539.995,MilliQ
1,384PP_Plus_AQ_GP,,1,I21,1400.0,TX-TL master mix
1,384PP_Plus_AQ_SP,B3,1,I21,0,sfGFP
1,384PP_Plus_AQ_GP,C3,1,I21,60.0,mCherry
1,384PP_Plus_AQ_GP,E4,1,I21,539.995,MilliQ
1,384PP_Plus_AQ_GP,,1,I22,1400.0,TX-TL master mix
1,384PP_Plus_AQ_SP,B3,1,I22,0,sfGFP
1,384PP_Plus_AQ_GP,C3,1,I22,60.0,mCherry
1,384PP_Plus_AQ_GP,E4,1,I22,539.995,MilliQ
1,384PP_Plus_AQ_GP,,1,I23,1400.0,TX-TL master mix
1,384PP_Plus_AQ_SP,B3,1,I23,0,sfGFP
1,384PP_Plus_AQ_GP,C3,1,I23,60.0,mCherry
1,384PP_Plus_AQ_GP,E4,1,I23,539.995,MilliQ
1,384PP_Plus_AQ_GP,,1,I24,1400.0,TX-TL master mix
1,384PP_Plus_AQ_SP,B3,1,I24,0,sfGFP
1,384PP_Plus_AQ_GP,C3,1,I24,60.0,mCherry
1,384PP_Plus_AQ_GP,E4,1,I24,539.995,MilliQ
1,384PP_Plus_AQ_GP,,1,I25,1400.0,TX-TL master mix
1,384PP_Plus_AQ_SP,B3,1,I25,0,sfGFP
1,384PP_Plus_AQ_GP,C3,1,I25,60.0,mCherry
1,384PP_Plus_AQ_GP,E4,1,I25,539.995,MilliQ
1,384PP_Plus_AQ_GP,,1,I26,1400.0,TX-TL master mix
1,384PP_Plus_AQ_SP,B3,1,I26,0,sfGFP
1,384PP_Plus_AQ_GP,C3,1,I26,60.0,mCherry
1,384PP_Plus_AQ_GP,E4,1,I26,539.995,MilliQ
1,384PP_Plus_AQ_GP,,1,I30,1400.0,TX-TL master mix
1,384PP_Plus_AQ_SP,B3,1,I30,0,sfGFP
1,384PP_Plus_AQ_GP,C3,1,I30,60.0,mCherry
1,384PP_Plus_AQ_GP,E4,1,I30,539.995,MilliQ
1,384PP_Plus_AQ_GP,,1,I31,1400.0,TX-TL master mix
1,384PP_Plus_AQ_SP,B3,1,I31,30.0,sfGFP
1,384PP_Plus_AQ_GP,C3,1,I31,60.0,mCherry
1,384PP_Plus_AQ_GP,E4,1,I31,509.995,MilliQ
1,384PP_Plus_AQ_GP,,1,I32,1400.0,TX-TL master mix
1,384PP_Plus_AQ_SP,B3,1,I32,60.0,sfGFP
1,384PP_Plus_AQ_GP,C3,1,I32,60.0,mCherry
1,384PP_Plus_AQ_GP,E4,1,I32,479.995,MilliQ
1,384PP_Plus_AQ_GP,,1,I33,1400.0,TX-TL master mix
1,384PP_Plus_AQ_SP,B3,1,I33,90.0,sfGFP
1,384PP_Plus_AQ_GP,C3,1,I33,60.0,mCherry
1,384PP_Plus_AQ_GP,E4,1,I33,449.995,MilliQ
1,384PP_Plus_AQ_GP,,1,I34,1400.0,TX-TL master mix
1,384PP_Plus_AQ_SP,B3,1,I34,120.0,sfGFP
1,384PP_Plus_AQ_GP,C3,1,I34,60.0,mCherry
1,384PP_Plus_AQ_GP,E4,1,I34,419.99499999999995,MilliQ
1,384PP_Plus_AQ_GP,,1,I35,1400.0,TX-TL master mix
1,384PP_Plus_AQ_SP,B3,1,I35,150.0,sfGFP
1,384PP_Plus_AQ_GP,C3,1,I35,60.0,mCherry
1,384PP_Plus_AQ_GP,E4,1,I35,389.9950000000002,MilliQ
1,384PP_Plus_AQ_GP,,1,I36,1400.0,TX-TL master mix
1,384PP_Plus_AQ_SP,B3,1,I36,180.0,sfGFP
1,384PP_Plus_AQ_GP,C3,1,I36,60.0,mCherry
1,384PP_Plus_AQ_GP,E4,1,I36,359.9950000000001,MilliQ
1,384PP_Plus_AQ_GP,,1,I37,1400.0,TX-TL master mix
1,384PP_Plus_AQ_SP,B3,1,I37,210.0,sfGFP
1,384PP_Plus_AQ_GP,C3,1,I37,60.0,mCherry
1,384PP_Plus_AQ_GP,E4,1,I37,329.9950000000001,MilliQ
1,384PP_Plus_AQ_GP,,1,I38,1400.0,TX-TL master mix
1,384PP_Plus_AQ_SP,B3,1,I38,240.0,sfGFP
1,384PP_Plus_AQ_GP,C3,1,I38,60.0,mCherry
1,384PP_Plus_AQ_GP,E4,1,I38,299.99500000000006,MilliQ
1,384PP_Plus_AQ_GP,,1,I39,1400.0,TX-TL master mix
1,384PP_Plus_AQ_SP,B3,1,I39,270.0,sfGFP
1,384PP_Plus_AQ_GP,C3,1,I39,60.0,mCherry
1,384PP_Plus_AQ_GP,E4,1,I39,269.99500000000006,MilliQ
1,384PP_Plus_AQ_GP,,1,J4,1400.0,TX-TL master mix
1,384PP_Plus_AQ_SP,B3,1,J4,0,sfGFP
1,384PP_Plus_AQ_GP,C3,1,J4,0,mCherry
1,384PP_Plus_AQ_GP,E4,1,J4,599.995,MilliQ
1,384PP_Plus_AQ_GP,,1,J5,1400.0,TX-TL master mix
1,384PP_Plus_AQ_SP,B3,1,J5,30.0,sfGFP
1,384PP_Plus_AQ_GP,C3,1,J5,0,mCherry
1,384PP_Plus_AQ_GP,,1,J5,569.995,MilliQ
1,384PP_Plus_AQ_GP,,1,J6,1400.0,TX-TL master mix
1,384PP_Plus_AQ_SP,B3,1,J6,60.0,sfGFP
1,384PP_Plus_AQ_GP,C3,1,J6,0,mCherry
1,384PP_Plus_AQ_GP,,1,J6,539.995,MilliQ
1,384PP_Plus_AQ_GP,,1,J7,1400.0,TX-TL master mix
1,384PP_Plus_AQ_SP,B3,1,J7,90.0,sfGFP
1,384PP_Plus_AQ_GP,C3,1,J7,0,mCherry
1,384PP_Plus_AQ_GP,,1,J7,509.995,MilliQ
1,384PP_Plus_AQ_GP,,1,J8,1400.0,TX-TL master mix
1,384PP_Plus_AQ_SP,B3,1,J8,120.0,sfGFP
1,384PP_Plus_AQ_GP,C3,1,J8,0,mCherry
1,384PP_Plus_AQ_GP,,1,J8,479.995,MilliQ
1,384PP_Plus_AQ_GP,,1,J9,1400.0,TX-TL master mix
1,384PP_Plus_AQ_SP,B3,1,J9,150.0,sfGFP
1,384PP_Plus_AQ_GP,C3,1,J9,0,mCherry
1,384PP_Plus_AQ_GP,,1,J9,449.9950000000002,MilliQ
1,384PP_Plus_AQ_GP,,1,J10,1400.0,TX-TL master mix
1,384PP_Plus_AQ_SP,B3,1,J10,180.0,sfGFP
1,384PP_Plus_AQ_GP,C3,1,J10,0,mCherry
1,384PP_Plus_AQ_GP,,1,J10,419.9950000000002,MilliQ
1,384PP_Plus_AQ_GP,,1,J11,1400.0,TX-TL master mix
1,384PP_Plus_AQ_SP,B3,1,J11,210.0,sfGFP
1,384PP_Plus_AQ_GP,C3,1,J11,0,mCherry
1,384PP_Plus_AQ_GP,,1,J11,389.9950000000002,MilliQ
1,384PP_Plus_AQ_GP,,1,J12,1400.0,TX-TL master mix
1,384PP_Plus_AQ_SP,B3,1,J12,240.0,sfGFP
1,384PP_Plus_AQ_GP,C3,1,J12,0,mCherry
1,384PP_Plus_AQ_GP,,1,J12,359.9950000000001,MilliQ
1,384PP_Plus_AQ_GP,,1,J13,1400.0,TX-TL master mix
1,384PP_Plus_AQ_SP,B3,1,J13,270.0,sfGFP
1,384PP_Plus_AQ_GP,C3,1,J13,0,mCherry
1,384PP_Plus_AQ_GP,,1,J13,329.9950000000001,MilliQ
1,384PP_Plus_AQ_GP,,1,J17,1400.0,TX-TL master mix
1,384PP_Plus_AQ_SP,B3,1,J17,0,sfGFP
1,384PP_Plus_AQ_GP,C3,1,J17,90.0,mCherry
1,384PP_Plus_AQ_GP,,1,J17,509.995,MilliQ
1,384PP_Plus_AQ_GP,,1,J18,1400.0,TX-TL master mix
1,384PP_Plus_AQ_SP,B3,1,J18,0,sfGFP
1,384PP_Plus_AQ_GP,C3,1,J18,90.0,mCherry
1,384PP_Plus_AQ_GP,,1,J18,509.995,MilliQ
1,384PP_Plus_AQ_GP,,1,J19,1400.0,TX-TL master mix
1,384PP_Plus_AQ_SP,B3,1,J19,0,sfGFP
1,384PP_Plus_AQ_GP,C3,1,J19,90.0,mCherry
1,384PP_Plus_AQ_GP,,1,J19,509.995,MilliQ
1,384PP_Plus_AQ_GP,,1,J20,1400.0,TX-TL master mix
1,384PP_Plus_AQ_SP,B3,1,J20,0,sfGFP
1,384PP_Plus_AQ_GP,C3,1,J20,90.0,mCherry
1,384PP_Plus_AQ_GP,,1,J20,509.995,MilliQ
1,384PP_Plus_AQ_GP,,1,J21,1400.0,TX-TL master mix
1,384PP_Plus_AQ_SP,B3,1,J21,0,sfGFP
1,384PP_Plus_AQ_GP,C3,1,J21,90.0,mCherry
1,384PP_Plus_AQ_GP,,1,J21,509.995,MilliQ
1,384PP_Plus_AQ_GP,,1,J22,1400.0,TX-TL master mix
1,384PP_Plus_AQ_SP,B3,1,J22,0,sfGFP
1,384PP_Plus_AQ_GP,C3,1,J22,90.0,mCherry
1,384PP_Plus_AQ_GP,,1,J22,509.995,MilliQ
1,384PP_Plus_AQ_GP,,1,J23,1400.0,TX-TL master mix
1,384PP_Plus_AQ_SP,B3,1,J23,0,sfGFP
1,384PP_Plus_AQ_GP,C3,1,J23,90.0,mCherry
1,384PP_Plus_AQ_GP,,1,J23,509.995,MilliQ
1,384PP_Plus_AQ_GP,,1,J24,1400.0,TX-TL master mix
1,384PP_Plus_AQ_SP,B3,1,J24,0,sfGFP
1,384PP_Plus_AQ_GP,C3,1,J24,90.0,mCherry
1,384PP_Plus_AQ_GP,,1,J24,509.995,MilliQ
1,384PP_Plus_AQ_GP,,1,J25,1400.0,TX-TL master mix
1,384PP_Plus_AQ_SP,B3,1,J25,0,sfGFP
1,384PP_Plus_AQ_GP,C3,1,J25,90.0,mCherry
1,384PP_Plus_AQ_GP,,1,J25,509.995,MilliQ
1,384PP_Plus_AQ_GP,,1,J26,1400.0,TX-TL master mix
1,384PP_Plus_AQ_SP,B3,1,J26,0,sfGFP
1,384PP_Plus_AQ_GP,C3,1,J26,90.0,mCherry
1,384PP_Plus_AQ_GP,,1,J26,509.995,MilliQ
1,384PP_Plus_AQ_GP,,1,J30,1400.0,TX-TL master mix
1,384PP_Plus_AQ_SP,B3,1,J30,0,sfGFP
1,384PP_Plus_AQ_GP,C3,1,J30,90.0,mCherry
1,384PP_Plus_AQ_GP,,1,J30,509.995,MilliQ
1,384PP_Plus_AQ_GP,,1,J31,1400.0,TX-TL master mix
1,384PP_Plus_AQ_SP,B3,1,J31,30.0,sfGFP
1,384PP_Plus_AQ_GP,C3,1,J31,90.0,mCherry
1,384PP_Plus_AQ_GP,,1,J31,479.995,MilliQ
1,384PP_Plus_AQ_GP,,1,J32,1400.0,TX-TL master mix
1,384PP_Plus_AQ_SP,B3,1,J32,60.0,sfGFP
1,384PP_Plus_AQ_GP,C3,1,J32,90.0,mCherry
1,384PP_Plus_AQ_GP,,1,J32,449.995,MilliQ
1,384PP_Plus_AQ_GP,,1,J33,1400.0,TX-TL master mix
1,384PP_Plus_AQ_SP,B3,1,J33,90.0,sfGFP
1,384PP_Plus_AQ_GP,C3,1,J33,90.0,mCherry
1,384PP_Plus_AQ_GP,,1,J33,419.99499999999995,MilliQ
1,384PP_Plus_AQ_GP,,1,J34,1400.0,TX-TL master mix
1,384PP_Plus_AQ_SP,B3,1,J34,120.0,sfGFP
1,384PP_Plus_AQ_GP,C3,1,J34,90.0,mCherry
1,384PP_Plus_AQ_GP,,1,J34,389.9950000000002,MilliQ
1,384PP_Plus_AQ_GP,,1,J35,1400.0,TX-TL master mix
1,384PP_Plus_AQ_SP,B3,1,J35,150.0,sfGFP
1,384PP_Plus_AQ_GP,C3,1,J35,90.0,mCherry
1,384PP_Plus_AQ_GP,,1,J35,359.9950000000001,MilliQ
1,384PP_Plus_AQ_GP,,1,J36,1400.0,TX-TL master mix
1,384PP_Plus_AQ_SP,B3,1,J36,180.0,sfGFP
1,384PP_Plus_AQ_GP,C3,1,J36,90.0,mCherry
1,384PP_Plus_AQ_GP,,1,J36,329.9950000000001,MilliQ
1,384PP_Plus_AQ_GP,,1,J37,1400.0,TX-TL master mix
1,384PP_Plus_AQ_SP,B3,1,J37,210.0,sfGFP
1,384PP_Plus_AQ_GP,C3,1,J37,90.0,mCherry
1,384PP_Plus_AQ_GP,,1,J37,299.99500000000006,MilliQ
1,384PP_Plus_AQ_GP,,1,J38,1400.0,TX-TL master mix
1,384PP_Plus_AQ_SP,B3,1,J38,240.0,sfGFP
1,384PP_Plus_AQ_GP,C3,1,J38,90.0,mCherry
1,384PP_Plus_AQ_GP,,1,J38,269.99500000000006,MilliQ
1,384PP_Plus_AQ_GP,,1,J39,1400.0,TX-TL master mix
1,384PP_Plus_AQ_SP,B3,1,J39,270.0,sfGFP
1,384PP_Plus_AQ_GP,C3,1,J39,90.0,mCherry
1,384PP_Plus_AQ_GP,,1,J39,239.99499999999998,MilliQ
1,384PP_Plus_AQ_GP,,1,K4,1400.0,TX-TL master mix
1,384PP_Plus_AQ_SP,B3,1,K4,0,sfGFP
1,384PP_Plus_AQ_GP,C3,1,K4,0,mCherry
1,384PP_Plus_AQ_GP,,1,K4,599.995,MilliQ
1,384PP_Plus_AQ_GP,,1,K5,1400.0,TX-TL master mix
1,384PP_Plus_AQ_SP,B3,1,K5,30.0,sfGFP
1,384PP_Plus_AQ_GP,C3,1,K5,0,mCherry
1,384PP_Plus_AQ_GP,,1,K5,569.995,MilliQ
1,384PP_Plus_AQ_GP,,1,K6,1400.0,TX-TL master mix
1,384PP_Plus_AQ_SP,B3,1,K6,60.0,sfGFP
1,384PP_Plus_AQ_GP,C3,1,K6,0,mCherry
1,384PP_Plus_AQ_GP,,1,K6,539.995,MilliQ
1,384PP_Plus_AQ_GP,,1,K7,1400.0,TX-TL master mix
1,384PP_Plus_AQ_SP,B3,1,K7,90.0,sfGFP
1,384PP_Plus_AQ_GP,C3,1,K7,0,mCherry
1,384PP_Plus_AQ_GP,,1,K7,509.995,MilliQ
1,384PP_Plus_AQ_GP,,1,K8,1400.0,TX-TL master mix
1,384PP_Plus_AQ_SP,B3,1,K8,120.0,sfGFP
1,384PP_Plus_AQ_GP,C3,1,K8,0,mCherry
1,384PP_Plus_AQ_GP,,1,K8,479.995,MilliQ
1,384PP_Plus_AQ_GP,,1,K9,1400.0,TX-TL master mix
1,384PP_Plus_AQ_SP,B3,1,K9,150.0,sfGFP
1,384PP_Plus_AQ_GP,C3,1,K9,0,mCherry
1,384PP_Plus_AQ_GP,,1,K9,449.9950000000002,MilliQ
1,384PP_Plus_AQ_GP,,1,K10,1400.0,TX-TL master mix
1,384PP_Plus_AQ_SP,B3,1,K10,180.0,sfGFP
1,384PP_Plus_AQ_GP,C3,1,K10,0,mCherry
1,384PP_Plus_AQ_GP,,1,K10,419.9950000000002,MilliQ
1,384PP_Plus_AQ_GP,,1,K11,1400.0,TX-TL master mix
1,384PP_Plus_AQ_SP,B3,1,K11,210.0,sfGFP
1,384PP_Plus_AQ_GP,C3,1,K11,0,mCherry
1,384PP_Plus_AQ_GP,,1,K11,389.9950000000002,MilliQ
1,384PP_Plus_AQ_GP,,1,K12,1400.0,TX-TL master mix
1,384PP_Plus_AQ_SP,B3,1,K12,240.0,sfGFP
1,384PP_Plus_AQ_GP,C3,1,K12,0,mCherry
1,384PP_Plus_AQ_GP,,1,K12,359.9950000000001,MilliQ
1,384PP_Plus_AQ_GP,,1,K13,1400.0,TX-TL master mix
1,384PP_Plus_AQ_SP,B3,1,K13,270.0,sfGFP
1,384PP_Plus_AQ_GP,C3,1,K13,0,mCherry
1,384PP_Plus_AQ_GP,,1,K13,329.9950000000001,MilliQ
1,384PP_Plus_AQ_GP,,1,K17,1400.0,TX-TL master mix
1,384PP_Plus_AQ_SP,B3,1,K17,0,sfGFP
1,384PP_Plus_AQ_GP,C3,1,K17,120.0,mCherry
1,384PP_Plus_AQ_GP,,1,K17,479.995,MilliQ
1,384PP_Plus_AQ_GP,,1,K18,1400.0,TX-TL master mix
1,384PP_Plus_AQ_SP,B3,1,K18,0,sfGFP
1,384PP_Plus_AQ_GP,C3,1,K18,120.0,mCherry
1,384PP_Plus_AQ_GP,,1,K18,479.995,MilliQ
1,384PP_Plus_AQ_GP,,1,K19,1400.0,TX-TL master mix
1,384PP_Plus_AQ_SP,B3,1,K19,0,sfGFP
1,384PP_Plus_AQ_GP,C3,1,K19,120.0,mCherry
1,384PP_Plus_AQ_GP,,1,K19,479.995,MilliQ
1,384PP_Plus_AQ_GP,,1,K20,1400.0,TX-TL master mix
1,384PP_Plus_AQ_SP,B3,1,K20,0,sfGFP
1,384PP_Plus_AQ_GP,C3,1,K20,120.0,mCherry
1,384PP_Plus_AQ_GP,,1,K20,479.995,MilliQ
1,384PP_Plus_AQ_GP,,1,K21,1400.0,TX-TL master mix
1,384PP_Plus_AQ_SP,B3,1,K21,0,sfGFP
1,384PP_Plus_AQ_GP,C3,1,K21,120.0,mCherry
1,384PP_Plus_AQ_GP,,1,K21,479.995,MilliQ
1,384PP_Plus_AQ_GP,,1,K22,1400.0,TX-TL master mix
1,384PP_Plus_AQ_SP,B3,1,K22,0,sfGFP
1,384PP_Plus_AQ_GP,C3,1,K22,120.0,mCherry
1,384PP_Plus_AQ_GP,,1,K22,479.995,MilliQ
1,384PP_Plus_AQ_GP,,1,K23,1400.0,TX-TL master mix
1,384PP_Plus_AQ_SP,B3,1,K23,0,sfGFP
1,384PP_Plus_AQ_GP,C3,1,K23,120.0,mCherry
1,384PP_Plus_AQ_GP,,1,K23,479.995,MilliQ
1,384PP_Plus_AQ_GP,,1,K24,1400.0,TX-TL master mix
1,384PP_Plus_AQ_SP,B3,1,K24,0,sfGFP
1,384PP_Plus_AQ_GP,C3,1,K24,120.0,mCherry
1,384PP_Plus_AQ_GP,,1,K24,479.995,MilliQ
1,384PP_Plus_AQ_GP,,1,K25,1400.0,TX-TL master mix
1,384PP_Plus_AQ_SP,B3,1,K25,0,sfGFP
1,384PP_Plus_AQ_GP,C3,1,K25,120.0,mCherry
1,384PP_Plus_AQ_GP,,1,K25,479.995,MilliQ
1,384PP_Plus_AQ_GP,,1,K26,1400.0,TX-TL master mix
1,384PP_Plus_AQ_SP,B3,1,K26,0,sfGFP
1,384PP_Plus_AQ_GP,C3,1,K26,120.0,mCherry
1,384PP_Plus_AQ_GP,,1,K26,479.995,MilliQ
1,384PP_Plus_AQ_GP,,1,K30,1400.0,TX-TL master mix
1,384PP_Plus_AQ_SP,B3,1,K30,0,sfGFP
1,384PP_Plus_AQ_GP,C3,1,K30,120.0,mCherry
1,384PP_Plus_AQ_GP,,1,K30,479.995,MilliQ
1,384PP_Plus_AQ_GP,,1,K31,1400.0,TX-TL master mix
1,384PP_Plus_AQ_SP,B3,1,K31,30.0,sfGFP
1,384PP_Plus_AQ_GP,C3,1,K31,120.0,mCherry
1,384PP_Plus_AQ_GP,,1,K31,449.995,MilliQ
1,384PP_Plus_AQ_GP,,1,K32,1400.0,TX-TL master mix
1,384PP_Plus_AQ_SP,B3,1,K32,60.0,sfGFP
1,384PP_Plus_AQ_GP,C3,1,K32,120.0,mCherry
1,384PP_Plus_AQ_GP,,1,K32,419.99499999999995,MilliQ
1,384PP_Plus_AQ_GP,,1,K33,1400.0,TX-TL master mix
1,384PP_Plus_AQ_SP,B3,1,K33,90.0,sfGFP
1,384PP_Plus_AQ_GP,C3,1,K33,120.0,mCherry
1,384PP_Plus_AQ_GP,,1,K33,389.99499999999995,MilliQ
1,384PP_Plus_AQ_GP,,1,K34,1400.0,TX-TL master mix
1,384PP_Plus_AQ_SP,B3,1,K34,120.0,sfGFP
1,384PP_Plus_AQ_GP,C3,1,K34,120.0,mCherry
1,384PP_Plus_AQ_GP,,1,K34,359.9949999999999,MilliQ
1,384PP_Plus_AQ_GP,,1,K35,1400.0,TX-TL master mix
1,384PP_Plus_AQ_SP,B3,1,K35,150.0,sfGFP
1,384PP_Plus_AQ_GP,C3,1,K35,120.0,mCherry
1,384PP_Plus_AQ_GP,,1,K35,329.9950000000001,MilliQ
1,384PP_Plus_AQ_GP,,1,K36,1400.0,TX-TL master mix
1,384PP_Plus_AQ_SP,B3,1,K36,180.0,sfGFP
1,384PP_Plus_AQ_GP,C3,1,K36,120.0,mCherry
1,384PP_Plus_AQ_GP,,1,K36,299.99500000000006,MilliQ
1,384PP_Plus_AQ_GP,,1,K37,1400.0,TX-TL master mix
1,384PP_Plus_AQ_SP,B3,1,K37,210.0,sfGFP
1,384PP_Plus_AQ_GP,C3,1,K37,120.0,mCherry
1,384PP_Plus_AQ_GP,,1,K37,269.99500000000006,MilliQ
1,384PP_Plus_AQ_GP,,1,K38,1400.0,TX-TL master mix
1,384PP_Plus_AQ_SP,B3,1,K38,240.0,sfGFP
1,384PP_Plus_AQ_GP,C3,1,K38,120.0,mCherry
1,384PP_Plus_AQ_GP,,1,K38,239.99499999999998,MilliQ
1,384PP_Plus_AQ_GP,,1,K39,1400.0,TX-TL master mix
1,384PP_Plus_AQ_SP,B3,1,K39,270.0,sfGFP
1,384PP_Plus_AQ_GP,C3,1,K39,120.0,mCherry
1,384PP_Plus_AQ_GP,,1,K39,209.99499999999995,MilliQ
1,384PP_Plus_AQ_GP,,1,L4,1400.0,TX-TL master mix
1,384PP_Plus_AQ_SP,B3,1,L4,0,sfGFP
1,384PP_Plus_AQ_GP,C3,1,L4,0,mCherry
1,384PP_Plus_AQ_GP,,1,L4,599.995,MilliQ
1,384PP_Plus_AQ_GP,,1,L5,1400.0,TX-TL master mix
1,384PP_Plus_AQ_SP,B3,1,L5,30.0,sfGFP
1,384PP_Plus_AQ_GP,C3,1,L5,0,mCherry
1,384PP_Plus_AQ_GP,,1,L5,569.995,MilliQ
1,384PP_Plus_AQ_GP,,1,L6,1400.0,TX-TL master mix
1,384PP_Plus_AQ_SP,B3,1,L6,60.0,sfGFP
1,384PP_Plus_AQ_GP,C3,1,L6,0,mCherry
1,384PP_Plus_AQ_GP,,1,L6,539.995,MilliQ
1,384PP_Plus_AQ_GP,,1,L7,1400.0,TX-TL master mix
1,384PP_Plus_AQ_SP,B3,1,L7,90.0,sfGFP
1,384PP_Plus_AQ_GP,C3,1,L7,0,mCherry
1,384PP_Plus_AQ_GP,,1,L7,509.995,MilliQ
1,384PP_Plus_AQ_GP,,1,L8,1400.0,TX-TL master mix
1,384PP_Plus_AQ_SP,B3,1,L8,120.0,sfGFP
1,384PP_Plus_AQ_GP,C3,1,L8,0,mCherry
1,384PP_Plus_AQ_GP,,1,L8,479.995,MilliQ
1,384PP_Plus_AQ_GP,,1,L9,1400.0,TX-TL master mix
1,384PP_Plus_AQ_SP,B3,1,L9,150.0,sfGFP
1,384PP_Plus_AQ_GP,C3,1,L9,0,mCherry
1,384PP_Plus_AQ_GP,,1,L9,449.9950000000002,MilliQ
1,384PP_Plus_AQ_GP,,1,L10,1400.0,TX-TL master mix
1,384PP_Plus_AQ_SP,B3,1,L10,180.0,sfGFP
1,384PP_Plus_AQ_GP,C3,1,L10,0,mCherry
1,384PP_Plus_AQ_GP,,1,L10,419.9950000000002,MilliQ
1,384PP_Plus_AQ_GP,,1,L11,1400.0,TX-TL master mix
1,384PP_Plus_AQ_SP,B3,1,L11,210.0,sfGFP
1,384PP_Plus_AQ_GP,C3,1,L11,0,mCherry
1,384PP_Plus_AQ_GP,,1,L11,389.9950000000002,MilliQ
1,384PP_Plus_AQ_GP,,1,L12,1400.0,TX-TL master mix
1,384PP_Plus_AQ_SP,B3,1,L12,240.0,sfGFP
1,384PP_Plus_AQ_GP,C3,1,L12,0,mCherry
1,384PP_Plus_AQ_GP,,1,L12,359.9950000000001,MilliQ
1,384PP_Plus_AQ_GP,,1,L13,1400.0,TX-TL master mix
1,384PP_Plus_AQ_SP,B3,1,L13,270.0,sfGFP
1,384PP_Plus_AQ_GP,C3,1,L13,0,mCherry
1,384PP_Plus_AQ_GP,,1,L13,329.9950000000001,MilliQ
1,384PP_Plus_AQ_GP,,1,L17,1400.0,TX-TL master mix
1,384PP_Plus_AQ_SP,B3,1,L17,0,sfGFP
1,384PP_Plus_AQ_GP,C3,1,L17,150.0,mCherry
1,384PP_Plus_AQ_GP,,1,L17,449.9950000000002,MilliQ
1,384PP_Plus_AQ_GP,,1,L18,1400.0,TX-TL master mix
1,384PP_Plus_AQ_SP,B3,1,L18,0,sfGFP
1,384PP_Plus_AQ_GP,C3,1,L18,150.0,mCherry
1,384PP_Plus_AQ_GP,,1,L18,449.9950000000002,MilliQ
1,384PP_Plus_AQ_GP,,1,L19,1400.0,TX-TL master mix
1,384PP_Plus_AQ_SP,B3,1,L19,0,sfGFP
1,384PP_Plus_AQ_GP,C3,1,L19,150.0,mCherry
1,384PP_Plus_AQ_GP,,1,L19,449.9950000000002,MilliQ
1,384PP_Plus_AQ_GP,,1,L20,1400.0,TX-TL master mix
1,384PP_Plus_AQ_SP,B3,1,L20,0,sfGFP
1,384PP_Plus_AQ_GP,C3,1,L20,150.0,mCherry
1,384PP_Plus_AQ_GP,,1,L20,449.9950000000002,MilliQ
1,384PP_Plus_AQ_GP,,1,L21,1400.0,TX-TL master mix
1,384PP_Plus_AQ_SP,B3,1,L21,0,sfGFP
1,384PP_Plus_AQ_GP,C3,1,L21,150.0,mCherry
1,384PP_Plus_AQ_GP,,1,L21,449.9950000000002,MilliQ
1,384PP_Plus_AQ_GP,,1,L22,1400.0,TX-TL master mix
1,384PP_Plus_AQ_SP,B3,1,L22,0,sfGFP
1,384PP_Plus_AQ_GP,C3,1,L22,150.0,mCherry
1,384PP_Plus_AQ_GP,,1,L22,449.9950000000002,MilliQ
1,384PP_Plus_AQ_GP,,1,L23,1400.0,TX-TL master mix
1,384PP_Plus_AQ_SP,B3,1,L23,0,sfGFP
1,384PP_Plus_AQ_GP,C3,1,L23,150.0,mCherry
1,384PP_Plus_AQ_GP,,1,L23,449.9950000000002,MilliQ
1,384PP_Plus_AQ_GP,,1,L24,1400.0,TX-TL master mix
1,384PP_Plus_AQ_SP,B3,1,L24,0,sfGFP
1,384PP_Plus_AQ_GP,C3,1,L24,150.0,mCherry
1,384PP_Plus_AQ_GP,,1,L24,449.9950000000002,MilliQ
1,384PP_Plus_AQ_GP,,1,L25,1400.0,TX-TL master mix
1,384PP_Plus_AQ_SP,B3,1,L25,0,sfGFP
1,384PP_Plus_AQ_GP,C3,1,L25,150.0,mCherry
1,384PP_Plus_AQ_GP,,1,L25,449.9950000000002,MilliQ
1,384PP_Plus_AQ_GP,,1,L26,1400.0,TX-TL master mix
1,384PP_Plus_AQ_SP,B3,1,L26,0,sfGFP
1,384PP_Plus_AQ_GP,C3,1,L26,150.0,mCherry
1,384PP_Plus_AQ_GP,,1,L26,449.9950000000002,MilliQ
1,384PP_Plus_AQ_GP,,1,L30,1400.0,TX-TL master mix
1,384PP_Plus_AQ_SP,B3,1,L30,0,sfGFP
1,384PP_Plus_AQ_GP,C3,1,L30,150.0,mCherry
1,384PP_Plus_AQ_GP,,1,L30,449.9950000000002,MilliQ
1,384PP_Plus_AQ_GP,,1,L31,1400.0,TX-TL master mix
1,384PP_Plus_AQ_SP,B3,1,L31,30.0,sfGFP
1,384PP_Plus_AQ_GP,C3,1,L31,150.0,mCherry
1,384PP_Plus_AQ_GP,,1,L31,419.9950000000002,MilliQ
1,384PP_Plus_AQ_GP,,1,L32,1400.0,TX-TL master mix
1,384PP_Plus_AQ_SP,B3,1,L32,60.0,sfGFP
1,384PP_Plus_AQ_GP,C3,1,L32,150.0,mCherry
1,384PP_Plus_AQ_GP,,1,L32,389.9950000000002,MilliQ
1,384PP_Plus_AQ_GP,,1,L33,1400.0,TX-TL master mix
1,384PP_Plus_AQ_SP,B3,1,L33,90.0,sfGFP
1,384PP_Plus_AQ_GP,C3,1,L33,150.0,mCherry
1,384PP_Plus_AQ_GP,,1,L33,359.9950000000001,MilliQ
1,384PP_Plus_AQ_GP,,1,L34,1400.0,TX-TL master mix
1,384PP_Plus_AQ_SP,B3,1,L34,120.0,sfGFP
1,384PP_Plus_AQ_GP,C3,1,L34,150.0,mCherry
1,384PP_Plus_AQ_GP,,1,L34,329.9950000000001,MilliQ
1,384PP_Plus_AQ_GP,,1,L35,1400.0,TX-TL master mix
1,384PP_Plus_AQ_SP,B3,1,L35,150.0,sfGFP
1,384PP_Plus_AQ_GP,C3,1,L35,150.0,mCherry
1,384PP_Plus_AQ_GP,,1,L35,299.9950000000003,MilliQ
1,384PP_Plus_AQ_GP,,1,L36,1400.0,TX-TL master mix
1,384PP_Plus_AQ_SP,B3,1,L36,180.0,sfGFP
1,384PP_Plus_AQ_GP,C3,1,L36,150.0,mCherry
1,384PP_Plus_AQ_GP,,1,L36,269.9950000000003,MilliQ
1,384PP_Plus_AQ_GP,,1,L37,1400.0,TX-TL master mix
1,384PP_Plus_AQ_SP,B3,1,L37,210.0,sfGFP
1,384PP_Plus_AQ_GP,C3,1,L37,150.0,mCherry
1,384PP_Plus_AQ_GP,,1,L37,239.9950000000002,MilliQ
1,384PP_Plus_AQ_GP,,1,L38,1400.0,TX-TL master mix
1,384PP_Plus_AQ_SP,B3,1,L38,240.0,sfGFP
1,384PP_Plus_AQ_GP,C3,1,L38,150.0,mCherry
1,384PP_Plus_AQ_GP,,1,L38,209.99500000000018,MilliQ
1,384PP_Plus_AQ_GP,,1,L39,1400.0,TX-TL master mix
1,384PP_Plus_AQ_SP,B3,1,L39,270.0,sfGFP
1,384PP_Plus_AQ_GP,C3,1,L39,150.0,mCherry
1,384PP_Plus_AQ_GP,,1,L39,179.99500000000015,MilliQ
1,384PP_Plus_AQ_GP,,1,M4,1400.0,TX-TL master mix
1,384PP_Plus_AQ_SP,B3,1,M4,0,sfGFP
1,384PP_Plus_AQ_GP,C3,1,M4,0,mCherry
1,384PP_Plus_AQ_GP,,1,M4,599.995,MilliQ
1,384PP_Plus_AQ_GP,,1,M5,1400.0,TX-TL master mix
1,384PP_Plus_AQ_SP,B3,1,M5,30.0,sfGFP
1,384PP_Plus_AQ_GP,C3,1,M5,0,mCherry
1,384PP_Plus_AQ_GP,,1,M5,569.995,MilliQ
1,384PP_Plus_AQ_GP,,1,M6,1400.0,TX-TL master mix
1,384PP_Plus_AQ_SP,B3,1,M6,60.0,sfGFP
1,384PP_Plus_AQ_GP,C3,1,M6,0,mCherry
1,384PP_Plus_AQ_GP,,1,M6,539.995,MilliQ
1,384PP_Plus_AQ_GP,,1,M7,1400.0,TX-TL master mix
1,384PP_Plus_AQ_SP,B3,1,M7,90.0,sfGFP
1,384PP_Plus_AQ_GP,C3,1,M7,0,mCherry
1,384PP_Plus_AQ_GP,,1,M7,509.995,MilliQ
1,384PP_Plus_AQ_GP,,1,M8,1400.0,TX-TL master mix
1,384PP_Plus_AQ_SP,B3,1,M8,120.0,sfGFP
1,384PP_Plus_AQ_GP,C3,1,M8,0,mCherry
1,384PP_Plus_AQ_GP,,1,M8,479.995,MilliQ
1,384PP_Plus_AQ_GP,,1,M9,1400.0,TX-TL master mix
1,384PP_Plus_AQ_SP,B3,1,M9,150.0,sfGFP
1,384PP_Plus_AQ_GP,C3,1,M9,0,mCherry
1,384PP_Plus_AQ_GP,,1,M9,449.9950000000002,MilliQ
1,384PP_Plus_AQ_GP,,1,M10,1400.0,TX-TL master mix
1,384PP_Plus_AQ_SP,B3,1,M10,180.0,sfGFP
1,384PP_Plus_AQ_GP,C3,1,M10,0,mCherry
1,384PP_Plus_AQ_GP,,1,M10,419.9950000000002,MilliQ
1,384PP_Plus_AQ_GP,,1,M11,1400.0,TX-TL master mix
1,384PP_Plus_AQ_SP,B3,1,M11,210.0,sfGFP
1,384PP_Plus_AQ_GP,C3,1,M11,0,mCherry
1,384PP_Plus_AQ_GP,,1,M11,389.9950000000002,MilliQ
1,384PP_Plus_AQ_GP,,1,M12,1400.0,TX-TL master mix
1,384PP_Plus_AQ_SP,B3,1,M12,240.0,sfGFP
1,384PP_Plus_AQ_GP,C3,1,M12,0,mCherry
1,384PP_Plus_AQ_GP,,1,M12,359.9950000000001,MilliQ
1,384PP_Plus_AQ_GP,,1,M13,1400.0,TX-TL master mix
1,384PP_Plus_AQ_SP,B3,1,M13,270.0,sfGFP
1,384PP_Plus_AQ_GP,C3,1,M13,0,mCherry
1,384PP_Plus_AQ_GP,,1,M13,329.9950000000001,MilliQ
1,384PP_Plus_AQ_GP,,1,M17,1400.0,TX-TL master mix
1,384PP_Plus_AQ_SP,B3,1,M17,0,sfGFP
1,384PP_Plus_AQ_GP,C3,1,M17,180.0,mCherry
1,384PP_Plus_AQ_GP,,1,M17,419.9950000000002,MilliQ
1,384PP_Plus_AQ_GP,,1,M18,1400.0,TX-TL master mix
1,384PP_Plus_AQ_SP,B3,1,M18,0,sfGFP
1,384PP_Plus_AQ_GP,C3,1,M18,180.0,mCherry
1,384PP_Plus_AQ_GP,,1,M18,419.9950000000002,MilliQ
1,384PP_Plus_AQ_GP,,1,M19,1400.0,TX-TL master mix
1,384PP_Plus_AQ_SP,B3,1,M19,0,sfGFP
1,384PP_Plus_AQ_GP,C3,1,M19,180.0,mCherry
1,384PP_Plus_AQ_GP,,1,M19,419.9950000000002,MilliQ
1,384PP_Plus_AQ_GP,,1,M20,1400.0,TX-TL master mix
1,384PP_Plus_AQ_SP,B3,1,M20,0,sfGFP
1,384PP_Plus_AQ_GP,C3,1,M20,180.0,mCherry
1,384PP_Plus_AQ_GP,,1,M20,419.9950000000002,MilliQ
1,384PP_Plus_AQ_GP,,1,M21,1400.0,TX-TL master mix
1,384PP_Plus_AQ_SP,B3,1,M21,0,sfGFP
1,384PP_Plus_AQ_GP,C3,1,M21,180.0,mCherry
1,384PP_Plus_AQ_GP,,1,M21,419.9950000000002,MilliQ
1,384PP_Plus_AQ_GP,,1,M22,1400.0,TX-TL master mix
1,384PP_Plus_AQ_SP,B3,1,M22,0,sfGFP
1,384PP_Plus_AQ_GP,C3,1,M22,180.0,mCherry
1,384PP_Plus_AQ_GP,,1,M22,419.9950000000002,MilliQ
1,384PP_Plus_AQ_GP,,1,M23,1400.0,TX-TL master mix
1,384PP_Plus_AQ_SP,B3,1,M23,0,sfGFP
1,384PP_Plus_AQ_GP,C3,1,M23,180.0,mCherry
1,384PP_Plus_AQ_GP,,1,M23,419.9950000000002,MilliQ
1,384PP_Plus_AQ_GP,,1,M24,1400.0,TX-TL master mix
1,384PP_Plus_AQ_SP,B3,1,M24,0,sfGFP
1,384PP_Plus_AQ_GP,C3,1,M24,180.0,mCherry
1,384PP_Plus_AQ_GP,,1,M24,419.9950000000002,MilliQ
1,384PP_Plus_AQ_GP,,1,M25,1400.0,TX-TL master mix
1,384PP_Plus_AQ_SP,B3,1,M25,0,sfGFP
1,384PP_Plus_AQ_GP,C3,1,M25,180.0,mCherry
1,384PP_Plus_AQ_GP,,1,M25,419.9950000000002,MilliQ
1,384PP_Plus_AQ_GP,,1,M26,1400.0,TX-TL master mix
1,384PP_Plus_AQ_SP,B3,1,M26,0,sfGFP
1,384PP_Plus_AQ_GP,C3,1,M26,180.0,mCherry
1,384PP_Plus_AQ_GP,,1,M26,419.9950000000002,MilliQ
1,384PP_Plus_AQ_GP,,1,M30,1400.0,TX-TL master mix
1,384PP_Plus_AQ_SP,B3,1,M30,0,sfGFP
1,384PP_Plus_AQ_GP,C3,1,M30,180.0,mCherry
1,384PP_Plus_AQ_GP,,1,M30,419.9950000000002,MilliQ
1,384PP_Plus_AQ_GP,,1,M31,1400.0,TX-TL master mix
1,384PP_Plus_AQ_SP,B3,1,M31,30.0,sfGFP
1,384PP_Plus_AQ_GP,C3,1,M31,180.0,mCherry
1,384PP_Plus_AQ_GP,,1,M31,389.9950000000002,MilliQ
1,384PP_Plus_AQ_GP,,1,M32,1400.0,TX-TL master mix
1,384PP_Plus_AQ_SP,B3,1,M32,60.0,sfGFP
1,384PP_Plus_AQ_GP,C3,1,M32,180.0,mCherry
1,384PP_Plus_AQ_GP,,1,M32,359.9950000000001,MilliQ
1,384PP_Plus_AQ_GP,,1,M33,1400.0,TX-TL master mix
1,384PP_Plus_AQ_SP,B3,1,M33,90.0,sfGFP
1,384PP_Plus_AQ_GP,C3,1,M33,180.0,mCherry
1,384PP_Plus_AQ_GP,,1,M33,329.9950000000001,MilliQ
1,384PP_Plus_AQ_GP,,1,M34,1400.0,TX-TL master mix
1,384PP_Plus_AQ_SP,B3,1,M34,120.0,sfGFP
1,384PP_Plus_AQ_GP,C3,1,M34,180.0,mCherry
1,384PP_Plus_AQ_GP,,1,M34,299.9950000000003,MilliQ
1,384PP_Plus_AQ_GP,,1,M35,1400.0,TX-TL master mix
1,384PP_Plus_AQ_SP,B3,1,M35,150.0,sfGFP
1,384PP_Plus_AQ_GP,C3,1,M35,180.0,mCherry
1,384PP_Plus_AQ_GP,,1,M35,269.9950000000003,MilliQ
1,384PP_Plus_AQ_GP,,1,M36,1400.0,TX-TL master mix
1,384PP_Plus_AQ_SP,B3,1,M36,180.0,sfGFP
1,384PP_Plus_AQ_GP,C3,1,M36,180.0,mCherry
1,384PP_Plus_AQ_GP,,1,M36,239.9950000000002,MilliQ
1,384PP_Plus_AQ_GP,,1,M37,1400.0,TX-TL master mix
1,384PP_Plus_AQ_SP,B3,1,M37,210.0,sfGFP
1,384PP_Plus_AQ_GP,C3,1,M37,180.0,mCherry
1,384PP_Plus_AQ_GP,,1,M37,209.99500000000018,MilliQ
1,384PP_Plus_AQ_GP,,1,M38,1400.0,TX-TL master mix
1,384PP_Plus_AQ_SP,B3,1,M38,240.0,sfGFP
1,384PP_Plus_AQ_GP,C3,1,M38,180.0,mCherry
1,384PP_Plus_AQ_GP,,1,M38,179.99500000000015,MilliQ
1,384PP_Plus_AQ_GP,,1,M39,1400.0,TX-TL master mix
1,384PP_Plus_AQ_SP,B3,1,M39,270.0,sfGFP
1,384PP_Plus_AQ_GP,C3,1,M39,180.0,mCherry
1,384PP_Plus_AQ_GP,,1,M39,149.99500000000012,MilliQ
1,384PP_Plus_AQ_GP,,1,N4,1400.0,TX-TL master mix
1,384PP_Plus_AQ_SP,B3,1,N4,0,sfGFP
1,384PP_Plus_AQ_GP,C3,1,N4,0,mCherry
1,384PP_Plus_AQ_GP,,1,N4,599.995,MilliQ
1,384PP_Plus_AQ_GP,,1,N5,1400.0,TX-TL master mix
1,384PP_Plus_AQ_SP,B3,1,N5,30.0,sfGFP
1,384PP_Plus_AQ_GP,C3,1,N5,0,mCherry
1,384PP_Plus_AQ_GP,,1,N5,569.995,MilliQ
1,384PP_Plus_AQ_GP,,1,N6,1400.0,TX-TL master mix
1,384PP_Plus_AQ_SP,B3,1,N6,60.0,sfGFP
1,384PP_Plus_AQ_GP,C3,1,N6,0,mCherry
1,384PP_Plus_AQ_GP,,1,N6,539.995,MilliQ
1,384PP_Plus_AQ_GP,,1,N7,1400.0,TX-TL master mix
1,384PP_Plus_AQ_SP,B3,1,N7,90.0,sfGFP
1,384PP_Plus_AQ_GP,C3,1,N7,0,mCherry
1,384PP_Plus_AQ_GP,,1,N7,509.995,MilliQ
1,384PP_Plus_AQ_GP,,1,N8,1400.0,TX-TL master mix
1,384PP_Plus_AQ_SP,B3,1,N8,120.0,sfGFP
1,384PP_Plus_AQ_GP,C3,1,N8,0,mCherry
1,384PP_Plus_AQ_GP,,1,N8,479.995,MilliQ
1,384PP_Plus_AQ_GP,,1,N9,1400.0,TX-TL master mix
1,384PP_Plus_AQ_SP,B3,1,N9,150.0,sfGFP
1,384PP_Plus_AQ_GP,C3,1,N9,0,mCherry
1,384PP_Plus_AQ_GP,,1,N9,449.9950000000002,MilliQ
1,384PP_Plus_AQ_GP,,1,N10,1400.0,TX-TL master mix
1,384PP_Plus_AQ_SP,B3,1,N10,180.0,sfGFP
1,384PP_Plus_AQ_GP,C3,1,N10,0,mCherry
1,384PP_Plus_AQ_GP,,1,N10,419.9950000000002,MilliQ
1,384PP_Plus_AQ_GP,,1,N11,1400.0,TX-TL master mix
1,384PP_Plus_AQ_SP,B3,1,N11,210.0,sfGFP
1,384PP_Plus_AQ_GP,C3,1,N11,0,mCherry
1,384PP_Plus_AQ_GP,,1,N11,389.9950000000002,MilliQ
1,384PP_Plus_AQ_GP,,1,N12,1400.0,TX-TL master mix
1,384PP_Plus_AQ_SP,B3,1,N12,240.0,sfGFP
1,384PP_Plus_AQ_GP,C3,1,N12,0,mCherry
1,384PP_Plus_AQ_GP,,1,N12,359.9950000000001,MilliQ
1,384PP_Plus_AQ_GP,,1,N13,1400.0,TX-TL master mix
1,384PP_Plus_AQ_SP,B3,1,N13,270.0,sfGFP
1,384PP_Plus_AQ_GP,C3,1,N13,0,mCherry
1,384PP_Plus_AQ_GP,,1,N13,329.9950000000001,MilliQ
1,384PP_Plus_AQ_GP,,1,N17,1400.0,TX-TL master mix
1,384PP_Plus_AQ_SP,B3,1,N17,0,sfGFP
1,384PP_Plus_AQ_GP,C3,1,N17,210.0,mCherry
1,384PP_Plus_AQ_GP,,1,N17,389.9950000000002,MilliQ
1,384PP_Plus_AQ_GP,,1,N18,1400.0,TX-TL master mix
1,384PP_Plus_AQ_SP,B3,1,N18,0,sfGFP
1,384PP_Plus_AQ_GP,C3,1,N18,210.0,mCherry
1,384PP_Plus_AQ_GP,,1,N18,389.9950000000002,MilliQ
1,384PP_Plus_AQ_GP,,1,N19,1400.0,TX-TL master mix
1,384PP_Plus_AQ_SP,B3,1,N19,0,sfGFP
1,384PP_Plus_AQ_GP,C3,1,N19,210.0,mCherry
1,384PP_Plus_AQ_GP,,1,N19,389.9950000000002,MilliQ
1,384PP_Plus_AQ_GP,,1,N20,1400.0,TX-TL master mix
1,384PP_Plus_AQ_SP,B3,1,N20,0,sfGFP
1,384PP_Plus_AQ_GP,C3,1,N20,210.0,mCherry
1,384PP_Plus_AQ_GP,,1,N20,389.9950000000002,MilliQ
1,384PP_Plus_AQ_GP,,1,N21,1400.0,TX-TL master mix
1,384PP_Plus_AQ_SP,B3,1,N21,0,sfGFP
1,384PP_Plus_AQ_GP,C3,1,N21,210.0,mCherry
1,384PP_Plus_AQ_GP,,1,N21,389.9950000000002,MilliQ
1,384PP_Plus_AQ_GP,,1,N22,1400.0,TX-TL master mix
1,384PP_Plus_AQ_SP,B3,1,N22,0,sfGFP
1,384PP_Plus_AQ_GP,C3,1,N22,210.0,mCherry
1,384PP_Plus_AQ_GP,,1,N22,389.9950000000002,MilliQ
1,384PP_Plus_AQ_GP,,1,N23,1400.0,TX-TL master mix
1,384PP_Plus_AQ_SP,B3,1,N23,0,sfGFP
1,384PP_Plus_AQ_GP,C3,1,N23,210.0,mCherry
1,384PP_Plus_AQ_GP,,1,N23,389.9950000000002,MilliQ
1,384PP_Plus_AQ_GP,,1,N24,1400.0,TX-TL master mix
1,384PP_Plus_AQ_SP,B3,1,N24,0,sfGFP
1,384PP_Plus_AQ_GP,C3,1,N24,210.0,mCherry
1,384PP_Plus_AQ_GP,,1,N24,389.9950000000002,MilliQ
1,384PP_Plus_AQ_GP,,1,N25,1400.0,TX-TL master mix
1,384PP_Plus_AQ_SP,B3,1,N25,0,sfGFP
1,384PP_Plus_AQ_GP,C3,1,N25,210.0,mCherry
1,384PP_Plus_AQ_GP,,1,N25,389.9950000000002,MilliQ
1,384PP_Plus_AQ_GP,,1,N26,1400.0,TX-TL master mix
1,384PP_Plus_AQ_SP,B3,1,N26,0,sfGFP
1,384PP_Plus_AQ_GP,C3,1,N26,210.0,mCherry
1,384PP_Plus_AQ_GP,,1,N26,389.9950000000002,MilliQ
1,384PP_Plus_AQ_GP,,1,N30,1400.0,TX-TL master mix
1,384PP_Plus_AQ_SP,B3,1,N30,0,sfGFP
1,384PP_Plus_AQ_GP,C3,1,N30,210.0,mCherry
1,384PP_Plus_AQ_GP,,1,N30,389.9950000000002,MilliQ
1,384PP_Plus_AQ_GP,,1,N31,1400.0,TX-TL master mix
1,384PP_Plus_AQ_SP,B3,1,N31,30.0,sfGFP
1,384PP_Plus_AQ_GP,C3,1,N31,210.0,mCherry
1,384PP_Plus_AQ_GP,,1,N31,359.9950000000001,MilliQ
1,384PP_Plus_AQ_GP,,1,N32,1400.0,TX-TL master mix
1,384PP_Plus_AQ_SP,B3,1,N32,60.0,sfGFP
1,384PP_Plus_AQ_GP,C3,1,N32,210.0,mCherry
1,384PP_Plus_AQ_GP,,1,N32,329.9950000000001,MilliQ
1,384PP_Plus_AQ_GP,,1,N33,1400.0,TX-TL master mix
1,384PP_Plus_AQ_SP,B3,1,N33,90.0,sfGFP
1,384PP_Plus_AQ_GP,C3,1,N33,210.0,mCherry
1,384PP_Plus_AQ_GP,,1,N33,299.99500000000006,MilliQ
1,384PP_Plus_AQ_GP,,1,N34,1400.0,TX-TL master mix
1,384PP_Plus_AQ_SP,B3,1,N34,120.0,sfGFP
1,384PP_Plus_AQ_GP,C3,1,N34,210.0,mCherry
1,384PP_Plus_AQ_GP,,1,N34,269.99500000000006,MilliQ
1,384PP_Plus_AQ_GP,,1,N35,1400.0,TX-TL master mix
1,384PP_Plus_AQ_SP,B3,1,N35,150.0,sfGFP
1,384PP_Plus_AQ_GP,C3,1,N35,210.0,mCherry
1,384PP_Plus_AQ_GP,,1,N35,239.9950000000002,MilliQ
1,384PP_Plus_AQ_GP,,1,N36,1400.0,TX-TL master mix
1,384PP_Plus_AQ_SP,B3,1,N36,180.0,sfGFP
1,384PP_Plus_AQ_GP,C3,1,N36,210.0,mCherry
1,384PP_Plus_AQ_GP,,1,N36,209.99500000000018,MilliQ
1,384PP_Plus_AQ_GP,,1,N37,1400.0,TX-TL master mix
1,384PP_Plus_AQ_SP,B3,1,N37,210.0,sfGFP
1,384PP_Plus_AQ_GP,C3,1,N37,210.0,mCherry
1,384PP_Plus_AQ_GP,,1,N37,179.99500000000015,MilliQ
1,384PP_Plus_AQ_GP,,1,N38,1400.0,TX-TL master mix
1,384PP_Plus_AQ_SP,B3,1,N38,240.0,sfGFP
1,384PP_Plus_AQ_GP,C3,1,N38,210.0,mCherry
1,384PP_Plus_AQ_GP,,1,N38,149.99500000000012,MilliQ
1,384PP_Plus_AQ_GP,,1,N39,1400.0,TX-TL master mix
1,384PP_Plus_AQ_SP,B3,1,N39,270.0,sfGFP
1,384PP_Plus_AQ_GP,C3,1,N39,210.0,mCherry
1,384PP_Plus_AQ_GP,,1,N39,119.9950000000001,MilliQ
1,384PP_Plus_AQ_GP,,1,O4,1400.0,TX-TL master mix
1,384PP_Plus_AQ_SP,B3,1,O4,0,sfGFP
1,384PP_Plus_AQ_GP,C3,1,O4,0,mCherry
1,384PP_Plus_AQ_GP,,1,O4,599.995,MilliQ
1,384PP_Plus_AQ_GP,,1,O5,1400.0,TX-TL master mix
1,384PP_Plus_AQ_SP,B3,1,O5,30.0,sfGFP
1,384PP_Plus_AQ_GP,C3,1,O5,0,mCherry
1,384PP_Plus_AQ_GP,,1,O5,569.995,MilliQ
1,384PP_Plus_AQ_GP,,1,O6,1400.0,TX-TL master mix
1,384PP_Plus_AQ_SP,B3,1,O6,60.0,sfGFP
1,384PP_Plus_AQ_GP,C3,1,O6,0,mCherry
1,384PP_Plus_AQ_GP,,1,O6,539.995,MilliQ
1,384PP_Plus_AQ_GP,,1,O7,1400.0,TX-TL master mix
1,384PP_Plus_AQ_SP,B3,1,O7,90.0,sfGFP
1,384PP_Plus_AQ_GP,C3,1,O7,0,mCherry
1,384PP_Plus_AQ_GP,,1,O7,509.995,MilliQ
1,384PP_Plus_AQ_GP,,1,O8,1400.0,TX-TL master mix
1,384PP_Plus_AQ_SP,B3,1,O8,120.0,sfGFP
1,384PP_Plus_AQ_GP,C3,1,O8,0,mCherry
1,384PP_Plus_AQ_GP,,1,O8,479.995,MilliQ
1,384PP_Plus_AQ_GP,,1,O9,1400.0,TX-TL master mix
1,384PP_Plus_AQ_SP,B3,1,O9,150.0,sfGFP
1,384PP_Plus_AQ_GP,C3,1,O9,0,mCherry
1,384PP_Plus_AQ_GP,,1,O9,449.9950000000002,MilliQ
1,384PP_Plus_AQ_GP,,1,O10,1400.0,TX-TL master mix
1,384PP_Plus_AQ_SP,B3,1,O10,180.0,sfGFP
1,384PP_Plus_AQ_GP,C3,1,O10,0,mCherry
1,384PP_Plus_AQ_GP,,1,O10,419.9950000000002,MilliQ
1,384PP_Plus_AQ_GP,,1,O11,1400.0,TX-TL master mix
1,384PP_Plus_AQ_SP,B3,1,O11,210.0,sfGFP
1,384PP_Plus_AQ_GP,C3,1,O11,0,mCherry
1,384PP_Plus_AQ_GP,,1,O11,389.9950000000002,MilliQ
1,384PP_Plus_AQ_GP,,1,O12,1400.0,TX-TL master mix
1,384PP_Plus_AQ_SP,B3,1,O12,240.0,sfGFP
1,384PP_Plus_AQ_GP,C3,1,O12,0,mCherry
1,384PP_Plus_AQ_GP,,1,O12,359.9950000000001,MilliQ
1,384PP_Plus_AQ_GP,,1,O13,1400.0,TX-TL master mix
1,384PP_Plus_AQ_SP,B3,1,O13,270.0,sfGFP
1,384PP_Plus_AQ_GP,C3,1,O13,0,mCherry
1,384PP_Plus_AQ_GP,,1,O13,329.9950000000001,MilliQ
1,384PP_Plus_AQ_GP,,1,O17,1400.0,TX-TL master mix
1,384PP_Plus_AQ_SP,B3,1,O17,0,sfGFP
1,384PP_Plus_AQ_GP,C3,1,O17,240.0,mCherry
1,384PP_Plus_AQ_GP,,1,O17,359.9950000000001,MilliQ
1,384PP_Plus_AQ_GP,,1,O18,1400.0,TX-TL master mix
1,384PP_Plus_AQ_SP,B3,1,O18,0,sfGFP
1,384PP_Plus_AQ_GP,C3,1,O18,240.0,mCherry
1,384PP_Plus_AQ_GP,,1,O18,359.9950000000001,MilliQ
1,384PP_Plus_AQ_GP,,1,O19,1400.0,TX-TL master mix
1,384PP_Plus_AQ_SP,B3,1,O19,0,sfGFP
1,384PP_Plus_AQ_GP,C3,1,O19,240.0,mCherry
1,384PP_Plus_AQ_GP,,1,O19,359.9950000000001,MilliQ
1,384PP_Plus_AQ_GP,,1,O20,1400.0,TX-TL master mix
1,384PP_Plus_AQ_SP,B3,1,O20,0,sfGFP
1,384PP_Plus_AQ_GP,C3,1,O20,240.0,mCherry
1,384PP_Plus_AQ_GP,,1,O20,359.9950000000001,MilliQ
1,384PP_Plus_AQ_GP,,1,O21,1400.0,TX-TL master mix
1,384PP_Plus_AQ_SP,B3,1,O21,0,sfGFP
1,384PP_Plus_AQ_GP,C3,1,O21,240.0,mCherry
1,384PP_Plus_AQ_GP,,1,O21,359.9950000000001,MilliQ
1,384PP_Plus_AQ_GP,,1,O22,1400.0,TX-TL master mix
1,384PP_Plus_AQ_SP,B3,1,O22,0,sfGFP
1,384PP_Plus_AQ_GP,C3,1,O22,240.0,mCherry
1,384PP_Plus_AQ_GP,,1,O22,359.9950000000001,MilliQ
1,384PP_Plus_AQ_GP,,1,O23,1400.0,TX-TL master mix
1,384PP_Plus_AQ_SP,B3,1,O23,0,sfGFP
1,384PP_Plus_AQ_GP,C3,1,O23,240.0,mCherry
1,384PP_Plus_AQ_GP,,1,O23,359.9950000000001,MilliQ
1,384PP_Plus_AQ_GP,,1,O24,1400.0,TX-TL master mix
1,384PP_Plus_AQ_SP,B3,1,O24,0,sfGFP
1,384PP_Plus_AQ_GP,C3,1,O24,240.0,mCherry
1,384PP_Plus_AQ_GP,,1,O24,359.9950000000001,MilliQ
1,384PP_Plus_AQ_GP,,1,O25,1400.0,TX-TL master mix
1,384PP_Plus_AQ_SP,B3,1,O25,0,sfGFP
1,384PP_Plus_AQ_GP,C3,1,O25,240.0,mCherry
1,384PP_Plus_AQ_GP,,1,O25,359.9950000000001,MilliQ
1,384PP_Plus_AQ_GP,,1,O26,1400.0,TX-TL master mix
1,384PP_Plus_AQ_SP,B3,1,O26,0,sfGFP
1,384PP_Plus_AQ_GP,C3,1,O26,240.0,mCherry
1,384PP_Plus_AQ_GP,,1,O26,359.9950000000001,MilliQ
1,384PP_Plus_AQ_GP,,1,O30,1400.0,TX-TL master mix
1,384PP_Plus_AQ_SP,B3,1,O30,0,sfGFP
1,384PP_Plus_AQ_GP,C3,1,O30,240.0,mCherry
1,384PP_Plus_AQ_GP,,1,O30,359.9950000000001,MilliQ
1,384PP_Plus_AQ_GP,,1,O31,1400.0,TX-TL master mix
1,384PP_Plus_AQ_SP,B3,1,O31,30.0,sfGFP
1,384PP_Plus_AQ_GP,C3,1,O31,240.0,mCherry
1,384PP_Plus_AQ_GP,,1,O31,329.9950000000001,MilliQ
1,384PP_Plus_AQ_GP,,1,O32,1400.0,TX-TL master mix
1,384PP_Plus_AQ_SP,B3,1,O32,60.0,sfGFP
1,384PP_Plus_AQ_GP,C3,1,O32,240.0,mCherry
1,384PP_Plus_AQ_GP,,1,O32,299.99500000000006,MilliQ
1,384PP_Plus_AQ_GP,,1,O33,1400.0,TX-TL master mix
1,384PP_Plus_AQ_SP,B3,1,O33,90.0,sfGFP
1,384PP_Plus_AQ_GP,C3,1,O33,240.0,mCherry
1,384PP_Plus_AQ_GP,,1,O33,269.99500000000006,MilliQ
1,384PP_Plus_AQ_GP,,1,O34,1400.0,TX-TL master mix
1,384PP_Plus_AQ_SP,B3,1,O34,120.0,sfGFP
1,384PP_Plus_AQ_GP,C3,1,O34,240.0,mCherry
1,384PP_Plus_AQ_GP,,1,O34,239.9950000000002,MilliQ
1,384PP_Plus_AQ_GP,,1,O35,1400.0,TX-TL master mix
1,384PP_Plus_AQ_SP,B3,1,O35,150.0,sfGFP
1,384PP_Plus_AQ_GP,C3,1,O35,240.0,mCherry
1,384PP_Plus_AQ_GP,,1,O35,209.99500000000018,MilliQ
1,384PP_Plus_AQ_GP,,1,O36,1400.0,TX-TL master mix
1,384PP_Plus_AQ_SP,B3,1,O36,180.0,sfGFP
1,384PP_Plus_AQ_GP,C3,1,O36,240.0,mCherry
1,384PP_Plus_AQ_GP,,1,O36,179.99500000000015,MilliQ
1,384PP_Plus_AQ_GP,,1,O37,1400.0,TX-TL master mix
1,384PP_Plus_AQ_SP,B3,1,O37,210.0,sfGFP
1,384PP_Plus_AQ_GP,C3,1,O37,240.0,mCherry
1,384PP_Plus_AQ_GP,,1,O37,149.99500000000012,MilliQ
1,384PP_Plus_AQ_GP,,1,O38,1400.0,TX-TL master mix
1,384PP_Plus_AQ_SP,B3,1,O38,240.0,sfGFP
1,384PP_Plus_AQ_GP,C3,1,O38,240.0,mCherry
1,384PP_Plus_AQ_GP,,1,O38,119.9950000000001,MilliQ
1,384PP_Plus_AQ_GP,,1,O39,1400.0,TX-TL master mix
1,384PP_Plus_AQ_SP,B3,1,O39,270.0,sfGFP
1,384PP_Plus_AQ_GP,C3,1,O39,240.0,mCherry
1,384PP_Plus_AQ_GP,,1,O39,89.99500000000008,MilliQ
1,384PP_Plus_AQ_GP,,1,P4,1400.0,TX-TL master mix
1,384PP_Plus_AQ_SP,B3,1,P4,0,sfGFP
1,384PP_Plus_AQ_GP,C3,1,P4,0,mCherry
1,384PP_Plus_AQ_GP,,1,P4,599.995,MilliQ
1,384PP_Plus_AQ_GP,,1,P5,1400.0,TX-TL master mix
1,384PP_Plus_AQ_SP,B3,1,P5,30.0,sfGFP
1,384PP_Plus_AQ_GP,C3,1,P5,0,mCherry
1,384PP_Plus_AQ_GP,,1,P5,569.995,MilliQ
1,384PP_Plus_AQ_GP,,1,P6,1400.0,TX-TL master mix
1,384PP_Plus_AQ_SP,B3,1,P6,60.0,sfGFP
1,384PP_Plus_AQ_GP,C3,1,P6,0,mCherry
1,384PP_Plus_AQ_GP,,1,P6,539.995,MilliQ
1,384PP_Plus_AQ_GP,,1,P7,1400.0,TX-TL master mix
1,384PP_Plus_AQ_SP,B3,1,P7,90.0,sfGFP
1,384PP_Plus_AQ_GP,C3,1,P7,0,mCherry
1,384PP_Plus_AQ_GP,,1,P7,509.995,MilliQ
1,384PP_Plus_AQ_GP,,1,P8,1400.0,TX-TL master mix
1,384PP_Plus_AQ_SP,B3,1,P8,120.0,sfGFP
1,384PP_Plus_AQ_GP,C3,1,P8,0,mCherry
1,384PP_Plus_AQ_GP,,1,P8,479.995,MilliQ
1,384PP_Plus_AQ_GP,,1,P9,1400.0,TX-TL master mix
1,384PP_Plus_AQ_SP,B3,1,P9,150.0,sfGFP
1,384PP_Plus_AQ_GP,C3,1,P9,0,mCherry
1,384PP_Plus_AQ_GP,,1,P9,449.9950000000002,MilliQ
1,384PP_Plus_AQ_GP,,1,P10,1400.0,TX-TL master mix
1,384PP_Plus_AQ_SP,B3,1,P10,180.0,sfGFP
1,384PP_Plus_AQ_GP,C3,1,P10,0,mCherry
1,384PP_Plus_AQ_GP,,1,P10,419.9950000000002,MilliQ
1,384PP_Plus_AQ_GP,,1,P11,1400.0,TX-TL master mix
1,384PP_Plus_AQ_SP,B3,1,P11,210.0,sfGFP
1,384PP_Plus_AQ_GP,C3,1,P11,0,mCherry
1,384PP_Plus_AQ_GP,,1,P11,389.9950000000002,MilliQ
1,384PP_Plus_AQ_GP,,1,P12,1400.0,TX-TL master mix
1,384PP_Plus_AQ_SP,B3,1,P12,240.0,sfGFP
1,384PP_Plus_AQ_GP,C3,1,P12,0,mCherry
1,384PP_Plus_AQ_GP,,1,P12,359.9950000000001,MilliQ
1,384PP_Plus_AQ_GP,,1,P13,1400.0,TX-TL master mix
1,384PP_Plus_AQ_SP,B3,1,P13,270.0,sfGFP
1,384PP_Plus_AQ_GP,C3,1,P13,0,mCherry
1,384PP_Plus_AQ_GP,,1,P13,329.9950000000001,MilliQ
1,384PP_Plus_AQ_GP,,1,P17,1400.0,TX-TL master mix
1,384PP_Plus_AQ_SP,B3,1,P17,0,sfGFP
1,384PP_Plus_AQ_GP,C3,1,P17,270.0,mCherry
1,384PP_Plus_AQ_GP,,1,P17,329.9950000000001,MilliQ
1,384PP_Plus_AQ_GP,,1,P18,1400.0,TX-TL master mix
1,384PP_Plus_AQ_SP,B3,1,P18,0,sfGFP
1,384PP_Plus_AQ_GP,C3,1,P18,270.0,mCherry
1,384PP_Plus_AQ_GP,,1,P18,329.9950000000001,MilliQ
1,384PP_Plus_AQ_GP,,1,P19,1400.0,TX-TL master mix
1,384PP_Plus_AQ_SP,B3,1,P19,0,sfGFP
1,384PP_Plus_AQ_GP,C3,1,P19,270.0,mCherry
1,384PP_Plus_AQ_GP,,1,P19,329.9950000000001,MilliQ
1,384PP_Plus_AQ_GP,,1,P20,1400.0,TX-TL master mix
1,384PP_Plus_AQ_SP,B3,1,P20,0,sfGFP
1,384PP_Plus_AQ_GP,C3,1,P20,270.0,mCherry
1,384PP_Plus_AQ_GP,,1,P20,329.9950000000001,MilliQ
1,384PP_Plus_AQ_GP,,1,P21,1400.0,TX-TL master mix
1,384PP_Plus_AQ_SP,B3,1,P21,0,sfGFP
1,384PP_Plus_AQ_GP,C3,1,P21,270.0,mCherry
1,384PP_Plus_AQ_GP,,1,P21,329.9950000000001,MilliQ
1,384PP_Plus_AQ_GP,,1,P22,1400.0,TX-TL master mix
1,384PP_Plus_AQ_SP,B3,1,P22,0,sfGFP
1,384PP_Plus_AQ_GP,C3,1,P22,270.0,mCherry
1,384PP_Plus_AQ_GP,,1,P22,329.9950000000001,MilliQ
1,384PP_Plus_AQ_GP,,1,P23,1400.0,TX-TL master mix
1,384PP_Plus_AQ_SP,B3,1,P23,0,sfGFP
1,384PP_Plus_AQ_GP,C3,1,P23,270.0,mCherry
1,384PP_Plus_AQ_GP,,1,P23,329.9950000000001,MilliQ
1,384PP_Plus_AQ_GP,,1,P24,1400.0,TX-TL master mix
1,384PP_Plus_AQ_SP,B3,1,P24,0,sfGFP
1,384PP_Plus_AQ_GP,C3,1,P24,270.0,mCherry
1,384PP_Plus_AQ_GP,,1,P24,329.9950000000001,MilliQ
1,384PP_Plus_AQ_GP,,1,P25,1400.0,TX-TL master mix
1,384PP_Plus_AQ_SP,B3,1,P25,0,sfGFP
1,384PP_Plus_AQ_GP,C3,1,P25,270.0,mCherry
1,384PP_Plus_AQ_GP,,1,P25,329.9950000000001,MilliQ
1,384PP_Plus_AQ_GP,,1,P26,1400.0,TX-TL master mix
1,384PP_Plus_AQ_SP,B3,1,P26,0,sfGFP
1,384PP_Plus_AQ_GP,C3,1,P26,270.0,mCherry
1,384PP_Plus_AQ_GP,,1,P26,329.9950000000001,MilliQ
1,384PP_Plus_AQ_GP,,1,P30,1400.0,TX-TL master mix
1,384PP_Plus_AQ_SP,B3,1,P30,0,sfGFP
1,384PP_Plus_AQ_GP,C3,1,P30,270.0,mCherry
1,384PP_Plus_AQ_GP,,1,P30,329.9950000000001,MilliQ
1,384PP_Plus_AQ_GP,,1,P31,1400.0,TX-TL master mix
1,384PP_Plus_AQ_SP,B3,1,P31,30.0,sfGFP
1,384PP_Plus_AQ_GP,C3,1,P31,270.0,mCherry
1,384PP_Plus_AQ_GP,,1,P31,299.99500000000006,MilliQ
1,384PP_Plus_AQ_GP,,1,P32,1400.0,TX-TL master mix
1,384PP_Plus_AQ_SP,B3,1,P32,60.0,sfGFP
1,384PP_Plus_AQ_GP,C3,1,P32,270.0,mCherry
1,384PP_Plus_AQ_GP,,1,P32,269.99500000000006,MilliQ
1,384PP_Plus_AQ_GP,,1,P33,1400.0,TX-TL master mix
1,384PP_Plus_AQ_SP,B3,1,P33,90.0,sfGFP
1,384PP_Plus_AQ_GP,C3,1,P33,270.0,mCherry
1,384PP_Plus_AQ_GP,,1,P33,239.99499999999998,MilliQ
1,384PP_Plus_AQ_GP,,1,P34,1400.0,TX-TL master mix
1,384PP_Plus_AQ_SP,B3,1,P34,120.0,sfGFP
1,384PP_Plus_AQ_GP,C3,1,P34,270.0,mCherry
1,384PP_Plus_AQ_GP,,1,P34,209.99499999999995,MilliQ
1,384PP_Plus_AQ_GP,,1,P35,1400.0,TX-TL master mix
1,384PP_Plus_AQ_SP,B3,1,P35,150.0,sfGFP
1,384PP_Plus_AQ_GP,C3,1,P35,270.0,mCherry
1,384PP_Plus_AQ_GP,,1,P35,179.99500000000015,MilliQ
1,384PP_Plus_AQ_GP,,1,P36,1400.0,TX-TL master mix
1,384PP_Plus_AQ_SP,B3,1,P36,180.0,sfGFP
1,384PP_Plus_AQ_GP,C3,1,P36,270.0,mCherry
1,384PP_Plus_AQ_GP,,1,P36,149.99500000000012,MilliQ
1,384PP_Plus_AQ_GP,,1,P37,1400.0,TX-TL master mix
1,384PP_Plus_AQ_SP,B3,1,P37,210.0,sfGFP
1,384PP_Plus_AQ_GP,C3,1,P37,270.0,mCherry
1,384PP_Plus_AQ_GP,,1,P37,119.9950000000001,MilliQ
1,384PP_Plus_AQ_GP,,1,P38,1400.0,TX-TL master mix
1,384PP_Plus_AQ_SP,B3,1,P38,240.0,sfGFP
1,384PP_Plus_AQ_GP,C3,1,P38,270.0,mCherry
1,384PP_Plus_AQ_GP,,1,P38,89.99500000000008,MilliQ
1,384PP_Plus_AQ_GP,,1,P39,1400.0,TX-TL master mix
1,384PP_Plus_AQ_SP,B3,1,P39,270.0,sfGFP
1,384PP_Plus_AQ_GP,C3,1,P39,270.0,mCherry
1,384PP_Plus_AQ_GP,,1,P39,59.995000000000054,MilliQ
